Lookingglass Theatre Company,0.23300113,0.021139052,0.6944024,9.915752e-06,0.040326174,0.011121317
Lincoln Park,0.0046214676,0.06897173,0.0039151264,0.073338486,0.011547071,0.8376061
The Loop,4.9785226e-06,0.65730524,0.039876323,0.119070455,9.015604e-06,0.18373397
Garfield Park Conservatory,5.137367e-06,0.027361698,7.0443843e-06,0.00748391,0.18980074,0.77534145
The Art Institute of Chicago,4.216302e-06,0.027711503,0.026730215,0.0013585282,0.93344593,0.010749591
Frank Lloyd Wright's Robie House,0.009926029,0.8444276,0.01278087,0.0008652909,0.13199131,8.92174e-06
place,0.8684452,0.032190222,0.018601816,0.024971271,0.024566725,0.031224713
Maggie Daley Park,4.806031e-06,1.1404048e-05,0.032686207,0.0013243878,8.703238e-06,0.96596444
Chicago Skyline,6.859423e-06,0.42084372,9.405676e-06,1.2626277e-05,0.00089140056,0.578236
The Chicago Theatre,0.0103184525,0.21539153,0.75785035,8.073003e-06,0.010891426,0.005540226
Holy Name Cathedral,0.8324694,0.13206384,0.014662261,0.014402577,1.2236497e-05,0.006389705
Chicago River,5.979856e-06,0.30251917,8.1996095e-06,0.023205712,1.0828917e-05,0.6742501
Lincoln Park Conservatory,6.0238726e-06,0.03700611,8.259965e-06,1.1088262e-05,0.13342388,0.82954466
Oriental Institute Museum,0.029347068,0.061365336,6.3475263e-06,8.520984e-06,0.895691,0.013581755
Water Tower Place,4.532159e-06,0.52504116,0.016990526,0.43109563,0.017570429,0.009297692
Macy's on State Street,4.5612514e-06,0.6895652,0.08634238,0.2130664,0.011010971,1.0498535e-05
Chicago Children's Museum,4.493421e-06,1.0662261e-05,0.037665848,0.08730398,0.5034689,0.37154612
The Peggy Notebaert Nature Museum,4.863614e-06,1.1540656e-05,6.6690122e-06,0.017885529,0.42045557,0.5616358
Calder’s Flamingo,9.48339e-06,0.8288869,1.3003673e-05,1.7456265e-05,0.17105135,2.1827747e-05
Carbide and Carbon Building,4.883975e-05,0.9995934,6.696931e-05,8.99003e-05,8.844387e-05,0.00011241361
Jackson Park's Japanese Garden,4.2288262e-05,0.048183113,5.7985882e-05,7.7840836e-05,0.07586387,0.8757749
Ukrainian Village,0.25598848,0.14012505,4.9499984e-05,0.40258327,0.20117061,8.308979e-05
Chicago Jazz Festival,0.00012115712,0.0002874878,0.4956289,0.24061309,0.00021940336,0.26312995
Rosehill Cemetery,0.02044564,0.96450907,2.5050007e-05,3.362738e-05,3.3082604e-05,0.014953508
Lincoln Monument,4.784532e-05,0.8931593,6.5605745e-05,8.806982e-05,8.664306e-05,0.10655259
EscapeHouse Chicago,6.459069e-06,0.030647194,0.49881098,0.1179481,0.33275586,0.01983145
Chicago Food Planet,4.17562e-06,0.30870363,0.015577462,0.6130236,0.062681586,9.610942e-06
Absolutely Chicago Segway Tours,4.6250225e-06,0.42668143,0.14840709,0.13127685,0.068004146,0.22562584
Urban Kayaks,4.815338e-06,0.23343977,0.07794092,0.08807212,0.03796487,0.56257755
Chuan Spa,0.004837964,0.021089343,0.2351808,0.55480325,0.056141324,0.12794735
Chicago Dine-Around,0.0031757741,0.10153962,0.4569718,0.41837403,0.019927362,1.1398167e-05
Babylon Tours Chicago,1.1906082e-05,0.062326588,0.10385506,0.008930482,0.82484853,2.7403985e-05
"Come Sailing, Inc.",3.7861075e-05,0.020077929,0.15515591,0.25068185,6.856259e-05,0.5739779
UNO Pizzeria & Grill Cooking Class,3.18985e-05,0.07438845,0.028047672,0.8289753,0.06848329,7.3420175e-05
Richard Gray Gallery,0.0007864281,0.0018660881,0.0010783542,0.0014475937,0.7772699,0.21755166
Caldwell Woods,0.0019416626,0.0046072733,0.0026624177,0.003574056,0.0035161548,0.9836985
Thomas Masters Gallery,0.005945705,0.014108257,0.008152781,0.010944373,0.9471639,0.013685051
McCormick Freedom Project,0.035746153,0.56668305,0.0005183713,0.0006958668,0.3954864,0.0008701301
Kavi Gupta Gallery (formerly Vedanta Gallery),0.0009859749,0.0023395915,0.0559168,0.032096714,0.90639156,0.0022693959
InMotion Entertainment,0.0008317299,0.13248459,0.23949856,0.6237646,0.0015061791,0.0019143831
The Murphy,0.000658697,0.59585583,0.12265138,0.0012124764,0.27810547,0.0015161036
Hoypoloi,0.0009016069,0.37500957,0.001236288,0.6191446,0.0016327194,0.002075208
The Gift Theatre,0.0003018182,0.00071617425,0.7863991,0.21134165,0.00054656237,0.0006946929
Maya Polsky Gallery,0.001642012,0.0038962588,0.0022515352,0.0030224836,0.9026304,0.086557336
Our Lady of Lourdes Church,0.11368035,0.5372976,0.002670871,0.0035854059,0.3382825,0.0044832784
McCormick Tribune Center,0.00020394285,0.6387386,0.11698054,0.00037540167,0.19340105,0.050300524
Dufry,0.0038252333,0.009076748,0.0052451794,0.9661213,0.006927112,0.008804449
Graham Foundation for Advanced Studies in the Fine Arts,0.10857576,0.5488622,0.00031980986,0.00042931596,0.34127608,0.0005368258
Man Enters the Cosmos,0.0018311972,0.62766325,0.002510947,0.0033707202,0.0033161137,0.3613078
Christkindlemarket,7.9820966e-05,0.13816968,0.29428095,0.56714135,0.00014454772,0.00018372224
ETA Creative Arts Foundation,0.0016397571,0.0038908876,0.98470736,0.0030183329,0.0029694345,0.0037741791
The Dance Center-Columbia College Chicago,0.0006188696,0.0014684935,0.67886174,0.0011391655,0.3164873,0.0014244383
Steep Theatre Co,0.00027877963,0.17735521,0.82070637,0.00051315513,0.00050484185,0.0006416607
National Archives at Chicago,0.17379893,0.0037037493,0.002140293,0.0028731506,0.81389123,0.003592649
Fred Anderson Dog Park,0.0015601682,0.18019466,0.0021393106,0.0028718323,0.002825307,0.8104087
Cooking & Hospitality Institute of Chicago,0.0010481055,0.002486999,0.6433378,0.34881675,0.0018980135,0.0024123976
Filament Theatre,0.00037649693,0.0008933745,0.5704533,0.0006930254,0.42671725,0.0008665772
Douglas Dawson Gallery,0.00055423274,0.0013151213,0.00075996673,0.54536605,0.45072895,0.001275671
DePaul University Merle Reskin Theatre,0.19730887,0.20102839,0.55593574,0.00069810735,0.04415596,0.00087293
First Lutheran Church of the Trinity,0.9873581,0.0030933917,0.0017875694,0.002399651,0.0023607756,0.0030005742
Newcity,0.00064431084,0.0015288594,0.19268656,0.80249053,0.001166782,0.0014830008
Noble Fool Theater,0.00060585036,0.001437599,0.89522237,0.0011152008,0.10022455,0.0013944713
Freedom Wall,0.0008503874,0.68363875,0.0011660556,0.0015653251,0.31082216,0.0019573218
"St. Therese Chinese Catholic Church, Chicago",0.6349068,0.0041116285,0.35066593,0.0031895314,0.0031378602,0.0039882637
Erwin Pearl,0.0014879085,0.003530603,0.0020402276,0.9868221,0.0026944524,0.0034246887
About Face Theater,0.13734445,0.0012103358,0.8584086,0.00093890587,0.0009236953,0.0011740301
Gage Gallery,0.0012579375,0.34765717,0.0017248904,0.00231551,0.6441492,0.0028953652
St. Volodymyr Cathedral,0.77800024,0.002332255,0.0013477402,0.0018092202,0.21424828,0.002262288
"Illinois Artisans, Chicago",0.0016402188,0.986346,0.0022490765,0.003019183,0.0029702715,0.0037752404
Brookstone,0.00061872543,0.2163163,0.0396199,0.7409005,0.0011204495,0.0014241036
Explore and Much More,0.00045106898,0.0010703227,0.068346515,0.24289927,0.19873,0.48850277
The Leigh Gallery,0.000471353,0.0011184518,0.0006463216,0.31396642,0.68271255,0.0010849023
Jay Robert's Antique Warehouse,0.0012103571,0.1487063,0.0016596478,0.6339107,0.21172716,0.0027858496
Illinois Institute of Technology Main Building and Machinery Hall,0.22216617,0.7658209,0.0022489156,0.003018967,0.0029700585,0.0037749843
George Wellington “Cap’n” Streeter,0.0015626698,0.9869916,0.0021427409,0.0028764368,0.0028298374,0.0035967578
Holy Innocents Church,0.5394778,0.002328855,0.137073,0.0018065785,0.31705475,0.0022589874
Sunglass Hut,0.0006183194,0.3061158,0.00084784266,0.6898752,0.0011197141,0.001423171
Shrine of our Lady of Pompeii,0.8574402,0.0035352618,0.0020429275,0.0027424474,0.13080992,0.0034292266
Barbara's Bookstore,0.0013610865,0.0032296642,0.0018663288,0.6812885,0.3091217,0.00313278
The Blue Theatre,0.0034113158,0.00809454,0.96818554,0.006279276,0.0061775497,0.007851744
Burnham Greenway,0.00070109114,0.29811636,0.0009613398,0.0012905124,0.0012696056,0.6976611
Senior Citizen Memorial Playlot Park,0.0018288525,0.004339594,0.0025077318,0.75520647,0.0033118671,0.23280548
Museum of Private Art Collections: Featuring the Work of Dali and Lamb,0.001119521,0.8403566,0.0015350928,0.15238468,0.0020273398,0.002576783
Storefront Theater,0.007319021,0.017367082,0.9317416,0.013472268,0.013254007,0.016845968
Albany Park Theater Project,0.002380004,0.9801876,0.0032634737,0.00438092,0.0043099476,0.0054780324
Hyde Park Chamber of Commerce,0.21774974,0.0017170213,0.2174222,0.07911656,0.0013103748,0.48268414
Monument to the Great Northern Migration,0.00030679622,0.9306097,0.00042068056,0.0005647258,0.06739197,0.0007061467
Galleria 1712,0.95142937,0.011884814,0.006867877,0.009219508,0.00907015,0.011528281
Ballet Chicago,0.013667314,0.88622653,0.018740691,0.025157692,0.024750128,0.03145765
Remy Bumppo Theatre Company,0.0005200502,0.0012340038,0.6785158,0.000957267,0.31757587,0.0011969925
Lake View Presbyterian Church,0.7816712,0.20488071,0.002517593,0.0033796423,0.0033248907,0.0042259623
Chicago Center for the Performing Arts,0.07493112,0.0007733059,0.9223555,0.00059988315,0.00059016474,0.00075010775
Day Frog,0.00045092715,0.0010699837,0.0006183136,0.6590456,0.00081658363,0.3379986
Anshe Emet Synagogue,0.400816,0.0006112359,0.21026555,0.21419674,0.00046647646,0.17364405
Congress Theater,0.0005963949,0.0014151601,0.9190081,0.07652762,0.0010800109,0.0013727071
Galerie F,0.0011276519,0.0026757563,0.001546242,0.22071877,0.7713361,0.002595502
Bob Newhart Statue,8.621274e-05,0.66201466,0.12644088,0.029421683,0.06472958,0.117307015
Architech Gallery,0.00092387234,0.0021922227,0.0012668185,0.0017005901,0.99179006,0.0021264567
Lake Effect Brewing Company,0.00028265634,0.0006707034,0.0003875798,0.8791619,0.1188466,0.0006505863
Grave of Andreas Von Zirngibl,0.0002478946,0.69355744,0.00033991438,0.0004563046,0.026138851,0.27925962
MontBlanc,0.00080790225,0.6311511,0.22422789,0.0014871218,0.14046647,0.0018595305
Greene Vardiman Black Statue,0.066442214,0.63333076,0.08443342,0.00023669179,0.21526092,0.00029596518
West Side Grounds,0.00015373116,0.3672732,0.43055585,0.00028297596,0.00027839167,0.20145582
Mana Contemporary,0.0025707087,0.0061000036,0.0035249689,0.004731955,0.0046552946,0.9784171
Jean Baptiste Point Du Sable Homesite,0.00019435489,0.50530535,0.0002665004,0.00035775284,0.00035195716,0.49352407
The Chicago Sketch Comedy Festival,0.0007916898,0.0018785617,0.91412914,0.07994474,0.0014336705,0.0018222186
HBTV Hearty Boys,0.00029870874,0.033327807,0.15122633,0.8139187,0.0005409315,0.00068753154
Temple Sholom,0.44975066,0.21698578,0.00026839648,0.0003602982,0.33218434,0.00045052683
Polish Triangle,0.2550235,0.5739647,0.047362328,0.00042560103,0.12269173,0.0005321809
St Adalbert Church,0.5203332,0.47559157,0.00076291704,0.0010241475,0.001007556,0.0012806145
Foodseum,0.00066129566,0.08891008,0.000906772,0.195578,0.7124218,0.0015220864
Oakley,0.0004921759,0.29056022,0.0006748742,0.7062486,0.00089128106,0.0011328291
Woman Made Gallery,0.0011194992,0.0026564081,0.001535063,0.0020606844,0.9900516,0.002576724
Chinese American Veterans Memorial,0.00076880044,0.9230715,0.0010541831,0.07194383,0.0013922201,0.0017695321
Alexander Hamilton Monument,0.0073018833,0.7140252,0.073029354,0.00044222988,0.00043506565,0.20476629
pH Comedy Theater,0.00019238333,0.00045649937,0.7375317,0.2610282,0.00034838685,0.0004428045
Bust Of Sir George Solti,0.0010299503,0.57792467,0.08772228,0.0018958497,0.0018651362,0.32956213
Redmoon Theater,0.04160464,0.0004330811,0.63775826,0.072998255,0.1627259,0.08447982
Chicago Women's Park & Gardens,0.0017291191,0.004102951,0.0023709768,0.0031828242,0.0031312604,0.98548293
Holtschneider Performance Center,0.0010810454,0.002565159,0.989918,0.0019899013,0.0019576643,0.0024882131
Gallagher Way,0.00023397701,0.077843934,0.43420553,0.45605022,0.0004237088,0.031242603
Raven Theatre,0.000115100556,0.02507701,0.86202323,0.0002118679,0.11230793,0.0002649247
All Saints - St Anthony,0.85368747,0.13838196,0.0014846671,0.001993032,0.0019607441,0.0024921284
Thirty Five E Wacker,0.00095045654,0.99208796,0.0013032709,0.0017495254,0.0017211817,0.002187641
Comfort Station,0.0013591024,0.0032249663,0.38186437,0.0025017266,0.6079216,0.0031282182
Trap Door Theatre,0.00018965374,0.0004500219,0.8067126,0.08327384,0.1089374,0.00043652172
Mission Theater,0.017873297,0.00036014398,0.7889807,0.14617865,0.046257813,0.00034934035
Tree Studio Complex,0.21881963,0.0023279262,0.0013452375,0.36267775,0.4125714,0.00225809
The Public House Theatre,0.00023783406,0.00056434557,0.99778193,0.0004377859,0.0004306935,0.0005474166
Bronzeville Children's Museum,0.00024587492,0.00058342615,0.09834827,0.14243469,0.7578218,0.00056592585
South Side Community Art Center,0.0022121647,0.3925568,0.0030333316,0.0040719747,0.5930341,0.0050916723
United Club,0.00017909797,0.0004249754,0.15746519,0.84119415,0.00032432837,0.0004122265
Bryan Lathrop House,0.00034211267,0.83219784,0.048605353,0.0006297335,0.11743752,0.00078743376
St. Alphonsus Roman catholic Church,0.6632922,0.13932149,0.00073356694,0.0009847478,0.0009687944,0.19469917
Shipwreck of the Silver Spray,0.00034654624,0.39787275,0.00047518598,0.024028927,0.00062756037,0.576649
St. Malachy and Precious Blood Church,0.6246478,0.00075440604,0.00043594756,0.2808706,0.09255952,0.0007317735
St. Thomas the Apostle Catholic Parish,0.5480429,0.39303058,0.0008093568,0.0010864887,0.0010688874,0.05596178
Cards Against Humanity Theater,0.0019414689,0.0046068085,0.8737321,0.0035737,0.0035158044,0.11263012
Route 66 End Sign,9.028267e-05,0.7252214,0.00012379607,0.00016618513,0.00016349283,0.27423486
Curly Tail Fine Art,0.00036683277,0.068168506,0.00050300296,0.00067523634,0.92944205,0.00084433117
William Shakespeare Monument,0.2562027,0.48424414,0.00014861191,0.00019949813,0.14101194,0.118193135
The House Theatre of Chicago,0.07911857,0.00016907172,0.7933532,0.025781145,0.101414025,0.00016399936
Rolling Stones Records,0.001559429,0.0037003001,0.002138297,0.98618865,0.002823969,0.0035893146
Johnny Twist Blues Museum,0.49328485,0.0037029667,0.0021398168,0.002872512,0.33990535,0.15809451
McKinley Park,0.000465873,0.41185877,0.0006388074,0.0008575417,0.2348292,0.35134977
Vosges Haut-Chocolat,0.0020676616,0.0049062404,0.0028351883,0.9816875,0.0037443265,0.0047590774
The Edge Theater,0.0008728972,0.0020712486,0.99185926,0.001606759,0.0015807288,0.0020091354
Zolla/Lieberman Gallery,0.00090597576,0.0878574,0.0012422786,0.04136212,0.8665469,0.0020852594
Under The Gun Theater,0.00021276975,0.029364659,0.66544527,0.30410227,0.0003853046,0.00048972754
Sol LeWitt's Lines in Four Directions,0.0005025466,0.16077116,0.0006890945,0.55698466,0.27989584,0.001156701
Alphawood Gallery,0.00035160535,0.15752725,0.00048212308,0.00064720697,0.84018254,0.00080928305
St. Mary of the Lake Parish,0.72363466,0.27471334,0.00030927247,0.00041517062,0.0004084446,0.00051913946
Insidechicagowalkingtours,0.00015259591,0.36966857,0.09246625,0.040720545,0.49664086,0.0003512271
Red Hill Birding,9.9117875e-05,0.18076642,0.16861829,0.080308825,0.17299886,0.39720845
City Experiences By Hornblower,3.7168927e-06,0.013858343,0.36878812,0.349193,6.7309184e-06,0.2681501
Seabird Sailing,8.7266715e-05,0.0002070718,0.17930155,0.13592917,0.04813873,0.6363362
Ghost City Tours of Chicago,0.0001128291,0.6465827,0.18967837,0.002050499,0.1613159,0.0002596965
Chicagoland Brews Cruise,6.0353315e-05,0.0491929,8.275677e-05,0.8117342,0.13879088,0.00013891404
Windy City Ghosts,5.786129e-05,0.57851803,0.13891351,0.16188681,0.06852162,0.052102115
Chicago Cycleboats,9.6882424e-05,0.00022988881,0.2577646,0.1507517,0.00017544431,0.5909815
Chicago River Boat Architecture Tours,5.0126996e-06,0.5525299,0.08548129,0.0370837,0.12734519,0.19755487
Chicago Segway Tour,3.9760907e-06,0.37278184,0.30469906,0.08077229,0.0506632,0.1910796
Fat Tire Tours,0.007134095,0.5239509,0.036467243,0.086096235,0.00013367661,0.3462179
Nightly Spirits,1.605785e-05,0.41639405,0.094854206,0.45859802,2.9079147e-05,0.030108547
Dovetail Brewery,4.4856562e-05,0.034276694,6.150755e-05,0.9654324,8.123071e-05,0.000103245286
606 Tours Chicago,4.810615e-05,0.563965,6.59634e-05,0.37593597,0.04912365,0.010861275
New Adventure Sailing,0.027583314,0.05484784,0.28199548,0.04758007,0.06505804,0.5229352
Chicago Sailboat Charters,7.044723e-05,0.00016716182,0.17859067,0.30477658,0.00012757284,0.51626754
Chicago Bike Adventures,5.5362812e-05,0.37368372,0.085704975,0.12848067,0.17548111,0.23659414
Chicago Hauntings,5.970792e-06,0.6118725,0.19627915,0.07222388,0.119604796,1.3742857e-05
Chicago from the Lake Ltd,3.3970042e-05,0.4548189,0.018836653,0.1559359,0.068535365,0.3018392
Rotorzen Helicopters Inc,6.9710244e-05,0.14433566,0.30982232,0.00012831703,0.22733186,0.3183121
3rd Coast Charters,3.751421e-05,0.07316192,0.12440531,0.35841662,0.0056686527,0.43831
WALKIN' WITH COLIN - A*SHOW*ON*THE*GO!,9.559991e-05,0.31093585,0.13076432,0.00017597264,0.5578083,0.00022004073
Chicago Urban Adventures,4.476249e-05,0.3781161,6.137856e-05,0.46685934,0.0855372,0.06938123
Loop Tour Train,6.799077e-05,0.7944732,0.14924386,0.055935368,0.00012312444,0.00015649316
Angler Charters,5.3709162e-05,0.00012744447,0.10971305,0.3353577,0.028678833,0.5260693
Phenix Sailing Charters,2.662573e-05,0.045928802,0.21962446,0.10226744,0.03769907,0.5944536
Chicago Pedway Tour,2.863815e-05,0.76853424,0.02850493,0.023603095,0.164824,0.014505039
City Cruises Chicago Chicago River,1.4989824e-05,0.09845424,0.22670674,0.34758034,2.7145063e-05,0.32721648
Empire Builder,3.0474434e-06,0.39878887,0.18977652,0.2323797,0.0003805809,0.17867124
ChicaGo By Boat,7.2631854e-05,0.01737907,0.24328893,0.20818417,0.035693035,0.49538216
Wendella Tours & Cruises,2.2587028e-05,0.50274146,0.10582296,0.11371098,0.0076039294,0.2700981
Chicago Chinese Cultural Institute,0.014402904,0.39337525,3.260625e-05,0.24877365,0.33245784,0.010957774
KnockOut Charters - Private Tours,0.058139995,0.00011008735,0.25667587,0.2517898,0.09178408,0.34150016
Blackhawk Boat Tours,5.7520137e-05,0.31357872,0.19476521,0.099951394,0.09195305,0.2996941
InstaGreeter Tour,3.35736e-05,0.7009669,0.07930031,0.023770386,0.19585155,7.727575e-05
Chicago Movie Tours,6.9133464e-05,0.35677162,0.05870366,0.00012725533,0.54309684,0.041231498
Chicago Electric Boat Company,1.8420373e-05,0.026766926,0.14359242,0.16156562,3.335744e-05,0.6680233
Haunted and Gangster Tour in Chicago,1.9554793e-05,0.54662555,0.13963945,0.19251831,0.12115213,4.5008896e-05
Chicago Personal Neighborhood Tours,3.0493196e-05,0.48970675,0.06285491,0.23858605,0.20875166,7.018553e-05
Auditorium Theatre,0.03349414,0.11073509,0.8557258,1.3915786e-05,1.3690345e-05,1.7400636e-05
BBQ Pontoon,2.8908757e-05,0.018869191,0.18377489,0.28190774,5.2350846e-05,0.515367
The Salty Dog Sailing Co.,2.6158974e-05,6.207155e-05,0.050369106,0.3000618,0.08518709,0.5642938
Chicago Boat Rentals,3.0282254e-05,7.1855604e-05,0.25722605,0.080663696,5.483811e-05,0.6619533
Wrigley Field Tours,1.1881076e-05,0.3554195,0.5634148,0.028415648,0.05271077,2.7346468e-05
Weird Chicago Tours,3.737927e-06,0.57986593,0.23460461,0.04010928,0.14540783,8.603521e-06
Chica-GO Off The Beaten Path Tours,0.008405099,0.42059368,3.8219743e-05,0.3126565,0.24764057,0.01066595
Chicago Running Tours & More,4.8900447e-06,0.4344107,0.2379454,0.00011603849,0.12484634,0.20267664
Windy City Sailing,1.7768552e-05,0.014370147,0.26696813,0.18299478,0.026371364,0.50927776
CityPASS,1.2037054e-05,0.24447095,0.29534793,2.2156844e-05,0.30142587,0.15872107
Museum Hack Chicago,6.934436e-06,0.16219553,0.102803946,0.021813814,0.71316385,1.596086e-05
See Sight Tours Chicago,4.401464e-05,0.545238,0.11938869,0.14817645,0.08793948,0.09921331
Frank Lloyd Wright Trust Tours,0.022216137,0.8615239,0.03112337,3.260334e-05,0.0850632,4.0768005e-05
Chef Driven Food Tours,0.0008881481,0.15509216,0.0016764329,0.6963482,0.14598666,8.446261e-06
"Yachti Charters, Tender & Tours",3.5057634e-05,0.29897162,0.010970138,0.25108552,0.04699415,0.39194348
Chicagoland Skydiving Center,0.023035938,0.08320994,0.3099689,0.33482075,0.032715097,0.21624945
Wild Onion Walks Chicago,1.8213197e-05,0.668717,0.014041128,0.076811515,0.24037024,4.192095e-05
Tour Through A Lens,0.11088277,0.37182465,0.036524035,0.04228777,0.42054763,0.017933125
Chicago Prohibition Tours,5.7150655e-06,0.4149285,0.060993634,0.4264052,0.09765382,1.31542365e-05
Vice district Brewing,3.6894853e-05,0.016031433,0.028612303,0.95516765,6.681287e-05,8.492032e-05
Chicago Food Walks with Rebecca Wheeler,0.034655478,0.20181741,1.0601322e-05,0.6409839,0.12251481,1.7795146e-05
Studio W.I.P. By Native 312 Events,0.017100913,2.9691439e-05,0.113249145,0.51302856,0.3565629,2.8800749e-05
Offbeat Street Art Tour,1.465116e-05,0.23318215,2.0089747e-05,0.17234759,0.5944018,3.372228e-05
WeVenture Chicago,1.7973145e-05,0.43239766,0.09600796,0.3179558,0.15357925,4.1368425e-05
Chicago Elevated,4.404855e-06,0.72291607,0.052785203,0.04973532,0.17053546,0.004023588
Two Lane America,2.3841301e-05,0.36371842,0.16721354,0.16077667,0.19245146,0.11581609
City Running Tours-Chicago,3.876702e-06,0.4534448,0.21705103,0.021668285,0.07718672,0.23064528
L Stop Tours,0.006848281,0.6158763,0.011296831,0.2506794,0.115257554,4.163579e-05
Tours by Doorways Of Chicago,2.2764232e-05,0.71348166,0.009647527,0.053766932,0.22302869,5.2395975e-05
Family Secrets Tour Chicago,9.76178e-06,0.5919041,0.087544546,0.03914527,0.28137383,2.24685e-05
O'Hare Limousine,2.6717253e-05,0.28879535,0.45367524,0.25739273,4.8382255e-05,6.149459e-05
Tastebud Tours - Chicago Food Tours,3.6843917e-06,0.2828532,0.051369123,0.5896857,0.07607982,8.480294e-06
Walk Chicago Tours,0.089745805,0.49619216,0.056365095,0.046145976,0.3115426,8.385339e-06
Chicago Foodways Tours,6.442192e-06,0.2927882,8.833566e-06,0.58027107,0.12691063,1.4827895e-05
Steve's Segway Tours,3.4532582e-06,0.36819863,0.3441639,0.10125591,0.057457346,0.1289207
Sidewalk Food Tours of Chicago,4.8201864e-06,0.30637586,0.031695794,0.62808615,0.022932192,0.010905164
Scott Green: The Magician In The Box,0.00018823415,0.00044665363,0.9138297,0.08476127,0.00034087308,0.00043325528
Chicago Beer Experience,4.525839e-06,0.08585294,0.11007468,0.63205606,0.17200139,1.0417023e-05
Chicago Travel & Tours,0.00026822553,0.4080603,0.0003677922,0.20127635,0.0004857294,0.3895416
City Segway Tours Chicago,4.180748e-06,0.42751974,0.14561,0.094847135,0.080213815,0.2518051
Stocks and Blondes Bar and Grille,0.017041218,0.009279456,0.08314661,0.8903798,6.73473e-05,8.559926e-05
Kayak Chicago,4.620213e-06,0.19359675,0.16446392,0.11354375,0.013277308,0.51511365
Pizza City USA,0.012890671,0.18324736,1.1547503e-05,0.64954954,0.15428148,1.9383404e-05
Snickers Bar & Grill,2.6297435e-05,0.0074564894,0.08251414,0.9028352,4.7622012e-05,0.0071202996
Theory Sports Bar and Grill,5.8131267e-05,0.00013793731,0.35143965,0.6481252,0.00010526987,0.00013379974
Bike and Roll,4.19383e-06,0.32584053,0.16369246,0.053649507,0.032181326,0.42463198
Wateriders,4.641701e-06,0.27309906,0.21051535,0.09532523,0.04381886,0.37723684
Chicago Fireboat Tours,1.1789402e-05,0.2922563,0.10440826,0.20324832,0.053311992,0.3467633
Chicago Detours,0.012611123,0.5103283,0.007160943,0.19210468,0.27778488,1.008502e-05
Brain Drain Escape Rooms,2.9659206e-05,0.061367534,0.3761628,0.1525647,0.34073663,0.069138624
AMC Dine-in Theatres Block 37,1.8399687e-05,4.3659915e-05,0.57750875,0.42235357,3.3319982e-05,4.235016e-05
Bobby's Bike Hike,5.4546366e-05,0.28508604,0.005960297,0.34368998,9.877798e-05,0.3651104
Farmhouse,0.0016031858,7.6746604e-05,4.4349657e-05,0.96867627,0.029525042,7.4444484e-05
Art Room Events,5.8256326e-05,0.00013823422,0.6530261,0.29577884,0.05086449,0.0001340873
The Hypocrites,0.032641035,0.000102301594,0.848204,0.029351257,0.08960213,9.923275e-05
Chicago Private Tours,4.157981e-06,0.5426853,0.20181234,0.082249515,0.17185004,0.0013986593
Intrepid Urban Adventures - Chicago,5.7783645e-06,0.43507773,0.0594913,0.40369946,0.101712435,1.3299954e-05
MileNorth Hotel,2.078743e-05,0.20634837,0.2967173,0.45384,3.764394e-05,0.043035947
Chicago's Finest Tours,4.3050154e-06,0.59630156,0.12940128,0.07898387,0.17902222,0.016286833
Chicago Line Cruises,4.8739425e-06,0.4635505,0.089154065,0.11156315,0.09119921,0.24452822
BigBus Chicago,4.1716944e-06,0.6261521,0.26128092,0.0791092,0.009856445,0.02359717
The Lodge,0.008363579,0.0001292457,0.06941572,0.9026323,9.863645e-05,0.019360524
BIG Bar,2.43319e-05,0.048684612,0.16243,0.77573484,4.4062617e-05,0.01308215
Untouchable Tours,4.2317806e-06,0.47558475,0.29955184,0.064098574,0.15158635,0.009174253
Flanagan's Wake,0.011957262,0.0001389248,0.73493624,0.20904341,0.043789435,0.0001347574
LUXBAR,3.897581e-05,0.011565182,0.1363829,0.85185266,7.058127e-05,8.970981e-05
"Mercury, Chicago's Skyline Cruiseline",4.9382284e-06,0.3520607,0.16696286,0.008672698,0.027331274,0.4449675
Hopleaf,0.014074107,0.02135852,9.291098e-05,0.96419585,0.00012270406,0.00015595884
ROOF on theWit,4.464181e-06,0.02757278,0.37142068,0.56962866,8.084182e-06,0.031365383
Echo Limousine,7.1818463e-06,0.39397898,0.47759825,0.110278636,1.30056005e-05,0.018123955
Bixbee Imagination Station,8.444393e-05,0.00020037426,0.00011578995,0.3208902,0.56367934,0.11502986
Rek Travel,1.159664e-05,0.21464701,0.114541546,0.36651027,0.225799,0.07849056
Streeter's Tavern,2.5219357e-05,0.03983019,0.115151115,0.84488976,4.5669716e-05,5.804697e-05
Haymarket Pub & Brewery,1.24323415e-05,2.9500256e-05,0.051940374,0.9479666,2.2513717e-05,2.8615252e-05
The Quandary Escape Rooms,0.00014617656,0.00034685698,0.35315186,0.26178363,0.384235,0.0003364516
The Barrel Run,5.329872e-06,0.18734875,0.1254749,0.662991,0.017149588,0.007030408
Art Of Escape Room,0.0001055388,0.00025042842,0.3317432,0.2927034,0.34138083,0.03381661
The Magic Cabaret,5.101799e-05,0.000121058656,0.91876954,9.3909824e-05,0.08084703,0.0001174269
Wildlight Yoga,0.26346117,0.0001902371,0.1414686,0.29482722,0.00014518335,0.29990754
The Violet Hour,4.2251373e-05,0.036779184,0.23394251,0.65568244,0.07345637,9.72493e-05
Emporium Wicker Park,1.9326126e-05,4.5858207e-05,0.25683582,0.7429441,3.499767e-05,0.00011984418
Thai Lotus Bodywork,0.00022762595,0.0005401254,0.095346354,0.7967795,0.00041220774,0.10669413
ArcLight Cinemas,3.7239115e-05,0.089590594,0.7182971,0.19192189,6.743629e-05,8.571259e-05
Game Of Imagination,6.9699076e-05,0.00016538608,0.87932014,0.00012829647,0.10303526,0.017281208
Secret Food Tours Chicago,4.779922e-06,0.3340204,0.015948245,0.517519,0.13249655,1.1001842e-05
Hard Rock Cafe Chicago,6.646556e-05,0.014908703,0.22921373,0.724368,0.028249132,0.0031940404
Gene Siskel Film Center,4.7523867e-05,0.15167575,0.5325424,0.063806996,0.25181788,0.00010938492
The Annoyance - Theatre & Bar,3.276542e-05,7.7747965e-05,0.8032527,0.13871104,5.9334878e-05,0.057866428
The Book of Mormon,0.048240904,0.015117323,0.8458236,0.014819976,0.072829604,0.0031686123
The Beer Temple,0.06398206,0.00022177065,0.00012815432,0.9352836,0.00016924864,0.00021511718
Cerise Rooftop,2.6296259e-05,0.023823658,0.19412696,0.6708413,4.7619877e-05,0.11113415
Myopic Books,2.2317317e-05,0.19664381,0.047998782,0.2646059,0.4906778,5.136733e-05
City Mini Golf,3.8406724e-05,9.1133865e-05,0.2405337,0.07441457,0.060612973,0.62430924
Old Town Ale House,0.018438675,0.10486647,0.20499557,0.5419523,0.12967813,6.889932e-05
Nuts on Clark,1.5195738e-05,0.1038401,0.08796958,0.8081127,2.7517952e-05,3.497568e-05
Tours With Mike,5.7850802e-06,0.47031707,0.16627915,0.037832182,0.3255525,1.3315392e-05
Public House Chicago,1.5425883e-05,0.019692024,0.09953932,0.8732798,0.007437927,3.5505476e-05
Tranquil Waters Float,0.044436757,0.00017009024,0.17070398,0.38193753,0.057287224,0.3454644
Free Chicago Walking Tours,0.038125448,0.5882469,0.0778964,0.045940764,0.23251948,0.017270977
The Spice House,5.6296805e-05,0.11799815,0.0056651537,0.87604886,0.00010194785,0.00012957751
Whirlyball Chicago,2.0432022e-05,0.015221175,0.5185512,0.44528273,3.7000333e-05,0.020887487
Spa at the Peninsula Chicago,2.632087e-05,0.055626962,0.17185457,0.53116703,0.0071825944,0.23414248
Waldorf Astoria Spa,0.022520458,0.043949958,0.2893127,0.5166434,0.025967997,0.10160546
The Map Room,2.2802964e-05,0.080979116,3.126754e-05,0.8034503,0.11546406,5.248513e-05
Redhead Piano Bar,0.007069082,0.013068848,0.51457316,0.46039546,7.466531e-06,0.0048859674
Three Dots and a Dash,1.1787681e-05,0.011182097,0.13681634,0.7871608,0.04802173,0.016807279
Spa at Four Seasons Hotel Chicago,2.3627683e-05,0.010564646,0.192152,0.63923305,0.024207296,0.13381942
See it All Chicago Tours,5.4001484e-06,0.6618971,0.15537074,0.080803454,0.04699695,0.05492638
AceBounce,2.6762711e-05,6.35041e-05,0.17859639,0.8212033,4.846457e-05,6.159916e-05
Ride In Bliss,2.544245e-05,0.13920908,0.44080812,0.21733655,4.6073717e-05,0.20257477
The Drifter,0.05072563,0.042792175,0.3927623,0.48607796,0.027606413,3.5564848e-05
Metro,3.2504504e-05,0.056118473,0.86304116,0.057522412,5.8862384e-05,0.023226608
Headquarters Beercade,1.6797869e-05,3.985919e-05,0.34120074,0.64239836,0.016305577,3.8663304e-05
Paniq Escape Room Chicago - Logan Square,0.0873294,0.00023491918,0.57163274,0.0955523,0.24502276,0.00022787215
Reckless Records,0.14021741,0.000105029765,0.079327114,0.6483006,0.13194796,0.0001018791
UP Comedy Club,8.562986e-06,2.0318763e-05,0.8389601,0.13639337,0.024597928,1.970925e-05
Iwan Reis Cigars & Tobacco,0.08357397,0.07566414,5.397832e-05,0.84054595,7.1287155e-05,9.060699e-05
Chicago Pizza Tours,4.3880727e-06,0.24507765,0.02738043,0.65285265,0.07467478,1.0099926e-05
The Spa at Trump Chicago,1.0822812e-05,0.18653822,0.22884917,0.513013,0.025466891,0.046121888
City Cruises Chicago,4.6571868e-06,0.2849573,0.24185152,0.12809972,0.01206636,0.3330204
Harborside International Golf Center,3.3664473e-05,7.9881145e-05,0.30266196,0.296489,6.0962968e-05,0.4006745
Segway Experience of Chicago,4.8344673e-06,0.33434734,0.1783706,0.13972779,0.063591935,0.28395748
Zanies Comedy Club,0.02177672,2.550763e-05,0.7270501,0.23393123,0.01719163,2.4742445e-05
Ghirardelli Chocolate Shop,0.006641299,0.025010549,0.08117608,0.85101736,3.9641134e-05,0.036115043
"Architectural Artifacts, Inc.",0.06905391,0.11887644,0.061972406,0.22977415,0.45823672,0.062086355
Tall Ship Windy,4.3347914e-06,0.13717073,0.2927012,0.035442147,0.016705707,0.51797587
Richard's Bar,0.03506454,0.00012802567,0.16321014,0.76626194,0.03521118,0.00012418492
Unabridged Books,5.0957853e-05,0.00012091601,6.987367e-05,0.4238025,0.5758385,0.00011728853
Tours and Boats,6.943548e-06,0.49967527,0.12329248,0.11590236,0.11709381,0.14402916
Escape Artistry - Time Gallery,3.001551e-05,0.01980228,0.41712102,0.055227667,0.42518246,0.08263659
Binny's Beverage Depot,2.6147767e-05,0.05477438,0.018872699,0.88823336,0.038033213,6.0183815e-05
Bad Axe Throwing Chicago (Lake View),9.703242e-06,0.0086911535,0.4882158,0.4219489,0.08111211,2.2333768e-05
P.O.S.H,0.009327883,0.03354563,6.5040644e-05,0.72284496,0.2341073,0.00010917589
Thalia Hall,2.1496147e-05,0.048739012,0.72664285,0.20905614,0.015491086,4.947726e-05
Aire Ancient Baths Chicago,0.008098157,0.0383236,0.14101617,0.44973204,0.066062376,0.29676768
Supernatural Chicago,0.0075293332,0.014277037,0.7424856,0.0038330771,0.231854,2.090787e-05
St. James Cathedral,0.75333685,0.107309215,4.709056e-05,6.321486e-05,0.090183936,0.04905971
The Hideout Inn,0.02157441,0.00968051,0.4992714,0.43473288,0.00010100559,0.034639813
The Spa at Eurostars Magnificent Mile,8.787183e-06,0.06117852,0.28271773,0.52895594,0.029971037,0.09716801
The Ritz-Carlton Chicago Spa,4.9119153e-05,0.17088667,0.22653152,0.5589251,8.894983e-05,0.043518674
Nitti's Supper Club,8.220537e-05,0.00019506198,0.66087747,0.33850718,0.00014886566,0.00018920994
Powell's Books Chicago,6.1299885e-05,0.07450502,8.405472e-05,0.32931444,0.56747854,0.028556602
Free Tours by Foot,4.979374e-06,0.58742017,0.17574757,0.062220387,0.13661483,0.037992068
Eataly,4.4094086e-06,0.082587354,0.026269155,0.8725202,0.018608717,1.0149048e-05
Windy City Massage,3.992302e-05,9.473177e-05,0.27987233,0.524974,0.120069586,0.074949495
Royal George Theater,0.08588143,0.010037572,0.7488553,0.046908397,0.10829489,2.2400785e-05
We Gotta Bingo,0.024256619,2.2134229e-05,0.60187906,0.34317932,0.030641383,2.1470249e-05
Chicago Crime Tours and Experiences,0.0020339035,0.54884034,0.17242892,0.08115994,0.19552416,1.2722203e-05
Sidetrack,2.2117121e-05,5.2480867e-05,0.2768942,0.6934173,0.029562924,5.0906507e-05
Kings Dining & Entertainment Lincoln Park,1.2592658e-05,0.030365292,0.2528698,0.678218,0.03850528,2.8984303e-05
Merz Apothecary,2.8211214e-05,0.24988629,3.868336e-05,0.6320138,0.11333974,0.0046932106
Old Town School of Folk Music,0.049617954,0.024397964,0.6913021,0.15074636,0.083894424,4.12093e-05
Lagunitas Taproom,0.0028276793,0.055708338,0.046413463,0.8812779,0.013758194,1.4413553e-05
The Chopping Block,8.989851e-06,0.0071224202,0.17573455,0.699714,0.117399365,2.0691754e-05
Room X Escape,7.485244e-06,0.02950053,0.46485156,0.08265964,0.41110817,0.011872627
EJ Concierge Ride,1.5875776e-05,0.21604972,0.37756652,0.40386167,0.0024696584,3.6540983e-05
Chicago Sports Museum,7.6277456e-06,0.043672595,0.34340972,0.15523393,0.44929743,0.008378762
Underground Donut Tour,5.5831365e-06,0.27744305,0.0019050748,0.6832511,0.03738233,1.2850595e-05
The iO Theater,0.058404673,0.02285803,0.80386555,0.08836286,0.026492573,1.6313388e-05
Lotties Pub,3.9336555e-05,0.072088785,0.30910808,0.61860204,7.1234535e-05,9.054008e-05
The Great Escape Room Chicago,6.065114e-06,1.43916695e-05,0.5259704,0.07938206,0.35172424,0.042902857
The Magic Penthouse,6.3390867e-06,0.032704234,0.75310314,0.16958264,0.044589072,1.4590541e-05
Inside Chicago Walking Tours,4.372453e-06,0.61995846,0.023169491,0.020446844,0.32062107,0.015799766
Tony n’ Tina’s Wedding,0.074244775,1.3315206e-05,0.68760693,0.21449748,0.023624629,1.2915791e-05
iFLY Indoor Skydiving - Chicago (Lincoln Park),8.318929e-06,0.036639705,0.37991458,0.4650387,0.1021545,0.016244171
Bad Axe Throwing Chicago (West Loop),5.635674e-06,1.3372682e-05,0.5421727,0.39521477,0.06258057,1.2971526e-05
ComedySportz Chicago,9.673223e-06,2.2953196e-05,0.84170043,0.1039823,0.050366983,0.0039176457
Legendary Private Car,0.0057765213,0.36433437,0.5452023,0.084611125,3.3319444e-05,4.234955e-05
Chicago Architecture Center,4.255299e-06,0.7097298,0.020541308,0.010296525,0.1869041,0.07252401
Chicago Gangsters and Ghosts Tours,5.6075237e-06,0.55438703,0.17184925,0.080599874,0.16914348,0.024014698
Fannie May,9.370877e-06,0.13655494,0.006445505,0.83051467,0.015392608,0.011082907
Green Mill,0.03397855,0.10128775,0.45104408,0.3833466,0.030333443,9.535672e-06
Chicago Greeter,0.0114278635,0.5771781,0.07642965,0.06971412,0.26046157,0.0047886884
Trickery,3.3780576e-05,8.01566e-05,0.8488821,0.12087609,0.030050121,7.775215e-05
Steppenwolf Theatre Company,0.019916084,0.02130879,0.8449608,0.026843289,0.08695956,1.1479248e-05
House of Blues Chicago,0.02452557,0.007772434,0.5795866,0.37898502,0.009122156,8.191703e-06
The Game Show Game Show,0.004444782,2.779466e-05,0.77659935,0.17455517,0.044345923,2.6960894e-05
Tommy Gun's Garage,4.6826367e-06,0.006228676,0.56958807,0.39899385,0.025174001,1.0777927e-05
Cabaret Zazou,0.013474962,6.855996e-05,0.82155627,0.064664945,0.100168794,6.650381e-05
BATL Axe Throwing,0.0022616312,0.016954746,0.43777877,0.5156199,0.02735863,2.633218e-05
B.L.U.E.S.,0.020740211,2.246162e-05,0.52533156,0.45386684,1.7142054e-05,2.1787846e-05
Wendella,4.4354533e-06,0.45477372,0.14983994,0.04163314,0.008279737,0.34546903
Team vs Time,5.7762727e-06,1.3706297e-05,0.54715204,0.13462894,0.31818625,1.3295142e-05
Winter's Jazz Club,0.034230795,2.2596882e-05,0.6741469,0.24510117,1.7245293e-05,0.046481255
Rosa's Lounge,0.017602723,0.029154887,0.5016352,0.45153904,3.0007335e-05,3.8139755e-05
Bobby's Bike Hike Chicago,0.004319077,0.30030036,0.054170135,0.3479481,1.447361e-05,0.29324788
Hamilton,0.01466953,0.022073993,0.8990506,7.934544e-06,0.06418802,9.921541e-06
Signature Lounge,4.0885293e-06,0.14026362,0.43643865,0.34121767,7.4039144e-06,0.082068585
Chief Chicago Limo,1.0437728e-05,0.42240578,0.3723645,0.19091758,1.8901674e-05,0.0142827965
Andy's Jazz Club,0.0009304341,0.0029229221,0.47733936,0.51850075,0.0002955105,1.10241635e-05
Chicago’s First Lady Cruises,4.3709965e-06,0.4840668,0.13331752,0.025084896,0.14918782,0.20833856
Ragnarok Axe Throwing,6.980426e-06,1.656358e-05,0.60692537,0.25848392,0.13455108,1.6066713e-05
Paniq Escape Room Chicago,6.75106e-06,1.6019334e-05,0.48739365,0.23159705,0.277206,0.0037805403
Jay Pritzker Pavilion,0.025136726,0.05091631,0.525992,1.02865215e-05,0.024070095,0.37387463
Taste of Chicago,1.0229726e-05,2.4273686e-05,0.21485096,0.72756743,1.8525005e-05,0.057528567
On Tour Brewing Company,8.573532e-05,0.00020343775,0.00011756072,0.9992407,0.00015525802,0.00019733515
Buddy Guy's Legends,0.011628572,0.0073655806,0.6064401,0.36515114,0.009404855,9.6745e-06
American Girl Place Chicago,3.82468e-06,0.018914606,0.23883666,0.47740778,0.26482826,8.80319e-06
Millennium Monument,2.6660291e-05,0.5434089,3.655673e-05,4.9074122e-05,4.8279097e-05,0.45643052
Ping Tom Memorial Park,3.931897e-05,0.25341976,5.391437e-05,7.23752e-05,7.120269e-05,0.7463434
Motor Row Brewing,2.9754912e-05,0.011739693,0.12721512,0.860893,5.388315e-05,6.84862e-05
Monument with Standing Beast,5.46118e-05,0.6206128,7.4883974e-05,0.00010052501,0.37903145,0.0001256988
Jazz Showcase,0.030962752,0.045450088,0.6844473,0.17618631,0.06293861,1.4982871e-05
Centennial Fountain And Water Arc,4.6993995e-05,0.12309151,6.4438405e-05,8.650277e-05,8.510139e-05,0.8766254
Allure De Vie Salon & Day Spa,7.993603e-06,1.8967703e-05,0.27090815,0.59807163,0.08155803,0.049435265
Lake Point Tower,3.1132084e-05,0.6953477,4.2688473e-05,5.730544e-05,5.6377066e-05,0.30446482
Drunk Shakespeare,0.06930778,1.5501797e-05,0.83165497,0.06748874,0.031517997,1.5036769e-05
Miro's Chicago,5.117049e-05,0.8441687,7.016524e-05,9.4190524e-05,0.15549797,0.00011777812
Escape Artistry - The Railcar,5.615224e-06,0.08602906,0.40953735,0.10759809,0.31423202,0.08259786
Shoreline Sightseeing,4.57174e-06,0.5161853,0.096548826,0.048938308,0.06089259,0.27743042
Symphony Center - Chicago Symphony Orchestra,0.070095025,0.034810077,0.8098292,9.442984e-06,0.08524445,1.1807749e-05
Chicago Water Taxi,5.5509945e-06,0.36426887,0.041586477,0.041055415,1.0052292e-05,0.55307364
The Field Museum Store,9.088163e-05,0.00021564907,0.00012461736,0.3842761,0.6150836,0.00020918027
Chinese-American Museum of Chicago,4.726512e-05,0.23567542,0.011905814,8.700184e-05,0.7521757,0.00010878892
wndr museum,1.1714269e-05,2.7796292e-05,0.19609122,0.10132209,0.70252025,2.6962512e-05
Chicago Lakefront,5.5479817e-05,0.080089666,7.607421e-05,0.0001021228,0.00010046836,0.91957617
Humboldt Park,4.1401174e-05,0.16180807,5.67695e-05,0.025404213,0.081346765,0.7313428
Chase Tower,0.00016866245,0.70734733,0.29147986,0.00031046028,0.0003054307,0.00038820648
Second Presbyterian Church of Chicago,0.6500315,0.20253855,4.1968084e-05,5.6338387e-05,0.14726119,7.044675e-05
Chicago Maritime Museum,4.4314504e-05,0.000105152234,6.0764272e-05,8.157058e-05,0.57649255,0.42321566
Daley Bicentennial Plaza,2.0425376e-05,0.47563908,2.800738e-05,0.5234152,3.69883e-05,0.00086025655
Vietnam Veterans Fountain,5.716956e-05,0.9171982,7.839119e-05,0.00010523313,0.000103528306,0.08245748
Kingston Mines,0.012724671,0.0014323548,0.537414,0.44840991,8.389545e-06,1.0663248e-05
WHIM Chicago @ Stage 773,0.09975932,0.000111028894,0.8803117,0.019625524,8.4734194e-05,0.00010769844
Second City,0.017805867,0.03998225,0.81855214,0.039395057,0.08425466,1.0062263e-05
Navy Pier Festival Hall Complex,0.027811028,4.8324076e-05,0.16223972,0.120624706,0.08631147,0.60296476
Blue Chicago,0.022132501,1.3118681e-05,0.6006414,0.37719023,1.0011793e-05,1.2725138e-05
Briar Street Theatre,2.0812706e-05,4.9385606e-05,0.99178684,3.831036e-05,3.7689715e-05,0.008066941
Windy City Playhouse,0.2034059,0.000118579235,0.796178,9.1986534e-05,9.049631e-05,0.00011502212
Sullivan Center,4.16539e-05,0.9996532,5.711604e-05,7.667316e-05,7.5431024e-05,9.5873744e-05
Blue Man Group,4.5975676e-06,1.0909392e-05,0.88157225,0.026390756,0.071918964,0.020102518
Half Acre Beer Company,2.118199e-05,5.0261802e-05,2.9044853e-05,0.99981236,3.835845e-05,4.8754067e-05
Begyle Brewing,2.6353415e-05,6.253295e-05,3.6135938e-05,0.9997665,4.772338e-05,6.06571e-05
Chase Auditorium,5.9746602e-05,0.00014177019,0.9994428,0.00010997675,0.000108195076,0.00013751721
Lincoln Square,3.6189384e-05,0.5221816,0.012540058,0.4650933,6.553533e-05,8.329654e-05
Montrose Point Bird Sanctuary,5.2949155e-05,0.00012564109,7.2604154e-05,9.7464566e-05,9.588559e-05,0.9995554
Chess Records,0.7212881,0.08696803,0.049066592,0.00011899041,0.14240952,0.00014878825
Polish Museum of America,0.010999663,5.350345e-05,3.0918003e-05,0.005987088,0.98287696,5.1898314e-05
Foster Avenue Beach,3.4390207e-05,8.16032e-05,4.7156027e-05,0.018518474,6.2277206e-05,0.98125607
Daley Center,1.3164038e-05,0.6047402,0.01179104,0.38340148,2.3838747e-05,3.029939e-05
Lincoln Hall,2.1635478e-05,5.133788e-05,0.9101907,0.08964733,3.917967e-05,4.9797876e-05
Agora Scuptures,4.1252802e-05,0.19110014,5.6566056e-05,7.593485e-05,0.33755893,0.47116724
Chicago Magic Lounge,4.6024365e-06,0.001810302,0.7361102,0.21203072,0.050033595,1.0593332e-05
Lollapalooza,3.390938e-05,8.046211e-05,0.7187837,0.099435985,6.140646e-05,0.1816046
London Guarantee Building,7.999049e-05,0.7016616,0.000109683366,0.23341763,0.00014485471,0.06458628
Elks National Memorial,0.03066759,0.88589996,5.0653376e-05,6.799761e-05,0.08322879,8.502604e-05
TimeLine Theatre,0.03980132,0.037243735,0.70110077,5.7801386e-05,0.22172414,7.2276125e-05
Neo-Futurists,0.1338994,8.302766e-05,0.7567206,0.02613088,0.08308556,8.0537015e-05
Apollo Theater Chicago,9.298158e-06,2.2063194e-05,0.9999133,1.7115304e-05,1.6838027e-05,2.1401347e-05
Chicago Distilling Company,2.9275168e-05,0.19813532,4.014226e-05,0.8016749,5.3014384e-05,6.7381916e-05
The Moody Church,0.88503754,0.10099099,5.1656272e-05,6.934391e-05,0.013763741,8.670931e-05
Ed Paschke Art Center,4.471686e-05,0.28039068,6.131599e-05,0.005533506,0.59619313,0.11777666
Greenhouse Theater Center,2.8004753e-05,6.6451474e-05,0.9824702,5.1548905e-05,0.017319394,6.44581e-05
Balzekas Museum of Lithuanian Culture,4.6706155e-05,0.00011082712,6.4043714e-05,8.597294e-05,0.8006691,0.1990234
Pritzker Military Museum & Library,1.2229157e-05,0.11775361,1.6768683e-05,2.251045e-05,0.88216674,2.8147608e-05
McCormick Tribune Ice Rink,3.08583e-05,7.322252e-05,0.15540747,0.0005761375,5.588127e-05,0.84385645
Smart Museum of Art,1.7264192e-05,0.025188768,2.3672748e-05,3.1778538e-05,0.9746988,3.973665e-05
Green City Market,3.6551126e-05,8.6730695e-05,5.0119088e-05,0.8979539,6.619041e-05,0.10180647
Lake Shore East Park,8.53933e-05,0.043686338,0.00011709173,0.02278867,0.00015463866,0.9331679
Park West,6.917984e-05,0.00016415364,0.8577361,0.14174609,0.00012527771,0.00015922982
French Market,9.918114e-06,0.013816883,1.3599769e-05,0.98611885,1.7960705e-05,2.2828304e-05
The Den Theatre,4.7993835e-05,0.000113882794,0.95592046,0.031936057,0.011871119,0.00011046628
Chicago Air and Water Show,3.1879958e-05,7.5646676e-05,0.38073957,5.8682068e-05,0.0776712,0.541423
Our Lady of Sorrows Basilica,0.99939317,0.0001484796,8.580175e-05,0.000115181145,0.00011331516,0.00014402533
Revolution Brewing - Brewery & Taproom,1.3214112e-05,3.135525e-05,1.8119259e-05,0.999883,2.3929426e-05,3.0414607e-05
Pullman National Monument Information Center,0.01057434,0.85003734,4.861405e-05,6.526001e-05,0.13919283,8.1602644e-05
Wrigley View Rooftop,1.2986361e-05,3.0814754e-05,0.6267535,0.37314928,2.351699e-05,2.9890449e-05
Music Box Theatre,0.008685974,0.038226224,0.91060185,3.223942e-05,0.042413414,4.0312912e-05
Wrigleyville,0.008578896,0.07842718,0.30254105,0.57935154,3.4667046e-05,0.031066647
The Shops at North Bridge,2.4464138e-05,0.3833149,3.354535e-05,0.59534276,4.430209e-05,0.021239962
Reliance Building,2.534455e-05,0.7114013,0.06926727,0.21920186,4.5896428e-05,5.833505e-05
Broadway Playhouse,1.2445763e-05,2.9532308e-05,0.99988395,2.2909166e-05,2.2538023e-05,2.864618e-05
The Lyric Opera House,0.30721268,0.17334372,0.5192487,6.025593e-05,5.927976e-05,7.5345575e-05
Emil Bach House by Frank Lloyd Wright,2.7506978e-05,0.7179179,0.28189078,5.063264e-05,4.9812366e-05,6.331235e-05
BP Pedestrian Bridge,4.4609787e-05,0.17268106,6.1169165e-05,8.211411e-05,8.078383e-05,0.8270502
Court Theater,0.06728423,7.179162e-05,0.8587239,5.569147e-05,0.05750385,0.016360605
Intuit: The Center for Intuitive and Outsider Art,4.64349e-05,0.00011018371,6.3671774e-05,8.547364e-05,0.9995873,0.00010687818
Monadnock Building,5.843828e-05,0.9729328,8.013087e-05,0.026688289,0.00010582584,0.00013450593
Oz Park,1.6761527e-05,0.106544554,2.2983491e-05,3.0853276e-05,3.0353436e-05,0.89335454
Chicago Loop Synagogue,0.9116836,0.08719329,0.0002102513,0.00028224348,0.000277671,0.00035292373
The 900 Shops Mall,0.0062357774,0.5014563,1.8033834e-05,0.4922358,2.3816609e-05,3.0271245e-05
Route 66,2.3227856e-05,0.77184695,3.1850155e-05,4.275597e-05,0.03988516,0.18817008
St Peter's Church,0.92525274,0.07447545,5.088054e-05,6.830255e-05,6.719602e-05,8.5407126e-05
Chicago Opera Theater,0.3680988,0.00012580553,0.6314598,9.75921e-05,9.601108e-05,0.00012203152
Museum of Contemporary Photography,1.0679019e-05,2.5339823e-05,1.4643127e-05,1.9657082e-05,0.99629056,0.0036391127
Chicago Blues Festival,5.3115582e-05,0.00012603597,0.6251568,0.09153477,9.6186974e-05,0.28303313
The Magic Parlour,0.05467471,1.3838265e-05,0.85563457,0.0057073194,0.0805273,0.0034422749
Pullman Historic District,0.018932924,0.91631675,1.7574646e-05,2.3592389e-05,0.06467961,2.9500477e-05
Swedish American Museum,0.004080018,0.006375764,2.228051e-05,0.05637312,0.9331114,3.7399674e-05
Lake Shore Place,7.0046866e-05,0.00016621196,9.604862e-05,0.00012893665,0.00012684782,0.99941194
Fine Arts Building,0.094109476,0.5452183,0.10282678,5.0231592e-05,0.2577324,6.281067e-05
Chicago Marathon,2.5710744e-05,0.009359494,0.34088826,4.7326277e-05,4.6559573e-05,0.64963263
Nordstrom,1.1037434e-05,0.38662183,0.005130004,0.6081917,1.9987681e-05,2.5404619e-05
Jackson Bark - Dog Park,3.2072574e-05,7.6103584e-05,4.3978078e-05,5.903662e-05,5.8080204e-05,0.9997307
Palmer House Hilton Historic Lobby,0.0028614795,0.55917037,0.27683663,0.13219234,0.028912105,2.7093487e-05
Greektown,1.1569465e-05,0.004674483,1.5864109e-05,0.9639241,0.031347398,2.6629223e-05
Charnley-Persky House,2.0997788e-05,0.99982524,2.8792274e-05,3.865104e-05,3.8024893e-05,4.8330097e-05
Chicago Cultural Center Welcome Center,0.049429994,0.6519611,8.309302e-05,0.00011154492,0.29827476,0.00013947854
Aqua Tower,2.9833665e-05,0.7973945,0.06308392,5.491542e-05,5.4025764e-05,0.13938278
Lagunitas Brewing Company,1.0916267e-05,0.019463357,1.496844e-05,0.962435,0.01805065,2.5125732e-05
Chicago Pedway,1.4632288e-05,0.9998782,2.006387e-05,2.6933943e-05,2.64976e-05,3.367887e-05
Black Ensemble Theater,0.060795847,6.727431e-05,0.88677603,5.2187323e-05,0.052243464,6.5256165e-05
Victory Gardens Theater,0.035018336,7.6019685e-05,0.86015767,5.8971393e-05,0.104615316,7.373931e-05
Harris Theater,1.6885479e-05,4.006683e-05,0.99984246,3.1081432e-05,3.0577903e-05,3.886524e-05
St. John Cantius Church,0.9997766,5.4669857e-05,3.1592033e-05,4.240947e-05,4.172242e-05,5.302986e-05
Loyola University Museum of Art (LUMA),0.07992927,3.6624875e-05,2.1164424e-05,2.841134e-05,0.919949,3.552626e-05
Color Factory Chicago,0.000116098,0.00027548458,0.08274081,0.3105605,0.5711658,0.035141252
Chicago Chinatown,0.0023525474,0.38982746,0.0043662665,0.55162174,0.025504423,0.026327603
Ukrainian National Museum,0.035880905,9.695509e-05,5.602742e-05,0.004138842,0.95973325,9.4046394e-05
Old St. Patrick's Church,0.9534131,0.046475776,2.0801628e-05,2.7924316e-05,2.7471931e-05,3.4917248e-05
Mindworks: The Science Of Thinking,0.00016144419,0.00038308528,0.00022137309,0.0002971735,0.9985653,0.00037159238
Milton Lee Olive Park,3.5179808e-05,0.11834994,4.8238733e-05,6.475617e-05,6.370709e-05,0.88143814
Chicago Temple,0.566095,0.4337286,3.3013577e-05,4.4317763e-05,4.3599797e-05,5.5415923e-05
Bloomingdale's,2.1897577e-05,0.4947863,3.002607e-05,0.5050717,3.9654307e-05,5.040114e-05
The Old Town of Chicago,0.046106942,0.5716505,4.4650515e-05,0.37020847,5.8968268e-05,0.011930522
Lurie Garden,1.1282057e-05,2.6770758e-05,1.5470014e-05,2.0767104e-05,0.025635334,0.9742904
Centennial Wheel,7.057317e-06,0.018806078,0.20901899,1.2990543e-05,1.278009e-05,0.7721421
"Jane Addams Hull-House Museum l,ll",1.2056884e-05,0.06969826,1.6532462e-05,2.2193344e-05,0.9302232,2.775104e-05
Tilt,9.035544e-06,0.5487596,0.38535675,1.6631904e-05,1.6362459e-05,0.06584162
Klairmont Kollections,5.0919418e-05,0.014539485,6.982097e-05,9.3728384e-05,0.6208089,0.3644372
Historic Water Tower,0.0059712506,0.90284747,1.0498314e-05,1.4093043e-05,0.0562335,0.034923244
Prairie Avenue Historic District,0.013992174,0.8995862,0.041670244,4.3185675e-05,0.044654213,5.4000433e-05
The 606,8.900076e-06,0.043916535,1.220383e-05,0.003882855,1.6117141e-05,0.95216334
Fox in a Box Chicago,4.922381e-06,0.074885584,0.5337293,0.06922814,0.31853878,0.0036132946
Oak Street,0.010177512,0.34473133,0.0038868485,0.5960216,3.1071075e-05,0.04515163
Marquette Building,0.030039987,0.890882,3.1331914e-05,4.206028e-05,0.07895207,5.2593048e-05
The Mercury Theater,1.0125868e-05,2.4027238e-05,0.9905277,0.00939658,1.8336928e-05,2.3306491e-05
Hyde Park,0.04872599,0.25914282,2.188501e-05,0.08505977,0.17687266,0.4301769
Museum of Broadcast Communications,4.961203e-06,0.00040976825,0.22672647,9.1321845e-06,0.7603368,0.0125128245
Montrose Beach,1.0037346e-05,2.3817136e-05,1.376326e-05,0.044964716,1.817662e-05,0.9549695
Chicago Transit Authority - CTA,4.0211044e-06,0.7406215,0.1941896,0.018977694,7.281815e-06,0.046199944
Marina City,1.19144e-05,0.8360054,0.023985375,0.0005233119,2.1575777e-05,0.13945243
Pilsen,0.013067785,0.29790977,2.1137306e-05,0.47225448,0.21671136,3.5480713e-05
Andersonville,8.152013e-06,0.25177556,1.1178081e-05,0.6766422,0.07154419,1.8763334e-05
DuSable Museum of African American History,8.833829e-06,0.011154985,0.0135875,1.6260605e-05,0.9726057,0.002626761
Newberry Library,0.013640687,0.07125945,1.8905424e-05,2.5378837e-05,0.91502386,3.1734347e-05
Rockefeller Memorial Chapel,0.779814,0.16901363,1.6472193e-05,2.211244e-05,0.0057108114,0.04542293
Devon Avenue,1.6442096e-05,0.31293017,2.2545488e-05,0.68696326,2.9774981e-05,3.78444e-05
Willie Dixon's Blues Heaven Foundation,0.7349444,0.056548238,0.06420676,2.848893e-05,0.1442365,3.5623252e-05
Joffrey Ballet of Chicago,0.01058896,2.5118741e-05,0.9627476,1.9485602e-05,0.026594503,2.436525e-05
Chagall's Four Seasons,0.055847302,0.6582366,3.067909e-05,4.118392e-05,0.26793307,0.017911103
Merchandise Mart,7.582123e-06,0.76615334,0.028777003,0.14206518,0.06297942,1.7451614e-05
Chicago Board of Trade Building,1.44176265e-05,0.9406175,1.9769523e-05,2.6538808e-05,0.05928857,3.318475e-05
The Escape Game Chicago,5.1224824e-06,0.039125018,0.51455873,0.17176323,0.2565563,0.017991664
Alfred Caldwell Lily Pool,1.4603777e-05,0.1168397,2.0024774e-05,2.688146e-05,2.644597e-05,0.8830724
Ohio Street Beach,1.1203172e-05,2.658351e-05,1.5361848e-05,0.04902399,2.0287815e-05,0.9509025
International Museum of Surgical Science,4.7926383e-06,0.04035484,0.0026453114,8.821904e-06,0.9185214,0.03846478
The McCormick Bridgehouse & Chicago River Museum,7.564874e-06,0.25156012,1.0372994e-05,1.3924812e-05,0.27804494,0.47036305
Boystown,1.42122235e-05,0.024381401,0.030005017,0.94554096,2.5736905e-05,3.271204e-05
Oak Street Beach,5.030032e-06,0.0029766175,6.8972054e-06,0.05750154,9.1088805e-06,0.93950075
Money Museum at the Federal Reserve Bank,4.644294e-06,0.06356431,0.01903811,8.548845e-06,0.913067,0.004317411
Glessner House Museum,0.0059667863,0.73789656,0.07889119,1.4455639e-05,0.17721291,1.8075641e-05
Museum Of Illusions Chicago,1.8199838e-05,4.3185653e-05,0.18330199,0.08101581,0.6725985,0.0630224
North Avenue Beach,4.9896007e-06,1.18396265e-05,0.0111813815,0.043927897,9.035664e-06,0.94486487
John Hancock Center,2.2312148e-05,0.3440063,0.25938508,0.11492822,4.040505e-05,0.28161764
Fourth Presbyterian Church,0.8501463,0.099794194,0.0036607212,1.1818625e-05,0.004442886,0.041944094
Cadillac Palace Theatre,0.010230777,0.006102944,0.9770935,8.797089e-06,8.6545715e-06,0.0065553114
McCormick Place,5.976186e-06,0.09360315,0.5701906,0.124256924,0.006672876,0.20527053
Museum of Contemporary Art,0.024028985,0.031256165,0.058425106,0.020783367,0.8517322,0.013774171
Wicker Park,8.420445e-06,0.3840915,1.1546156e-05,0.53630686,1.5248576e-05,0.07956644
CIBC Theatre,3.6325084e-06,0.024199352,0.9722512,0.0004496608,6.578107e-06,0.0030896189
Picasso Statue,6.9932953e-06,0.74295557,9.589242e-06,0.05133709,0.18699294,0.018697865
Guaranteed Rate Field,3.9238807e-06,0.026157308,0.82050097,0.118955575,7.105753e-06,0.034375098
Holy Trinity Orthodox Cathedral,0.48184395,0.28238016,1.7778251e-05,2.3865705e-05,0.23570439,2.9842178e-05
Harold Washington Library Center,0.011284991,0.40594918,0.010617436,9.634696e-06,0.54335874,0.028780032
Wrigley Building,0.0039433083,0.9668753,9.0574e-06,1.2158746e-05,1.1961769e-05,0.029148161
Soldier Field,4.4088874e-06,0.1237696,0.8067076,0.012905262,0.012980326,0.04363273
James M. Nederlander Theatre,0.022108577,0.03243317,0.93046904,0.005044924,0.0005254831,0.009418827
Engine 18 Chicago Fire,2.3527855e-05,0.63872683,0.31231856,0.04883433,4.2606574e-05,5.415353e-05
Adler Planetarium,3.994433e-06,9.478235e-06,0.3004442,7.3526317e-06,0.49210644,0.20742856
Goodman Theatre,0.17137976,0.003220679,0.810067,0.0038311703,0.011489737,1.1624981e-05
Lyric Opera of Chicago,0.35394695,0.02525678,0.61406887,8.640684e-06,0.006707931,1.0804515e-05
American Writers Museum,0.0023993151,0.011764392,0.009204258,0.003310503,0.9721091,0.0012124358
Chicago History Museum,0.0039909533,0.15800864,0.03617293,0.022474198,0.74952686,0.029826468
University of Chicago,0.25243312,0.20144634,0.005562432,1.0520294e-05,0.28224924,0.25829834
Graceland Cemetery,0.0024149998,0.95644397,0.0017490361,8.9250525e-06,0.0028601554,0.036522895
Goose Island Beer Co.,5.5019987e-06,0.0903145,7.5443686e-06,0.90108854,0.008571259,1.2663826e-05
The Rookery Building,5.106421e-06,0.985341,7.0019505e-06,9.3994895e-06,0.014625777,1.1753343e-05
Chicago Shakespeare Theater on Navy Pier,0.1535388,1.1731023e-05,0.7821599,0.0032494478,0.023307854,0.0377322
Michigan Avenue Bridge,6.3676043e-06,0.2798212,8.731291e-06,1.1720975e-05,1.15310895e-05,0.72014046
Tribune Tower,0.017449586,0.9403931,7.5365006e-06,1.0117075e-05,0.037297703,0.004841933
Union Station,4.1146814e-06,0.63979524,0.13258557,0.21414888,7.4512736e-06,0.013458735
Medieval Torture Museum,8.074372e-06,0.041100986,0.15655254,0.106212854,0.6957884,0.0003371716
Crown Fountain,6.34969e-06,0.019427763,0.000740459,1.1688e-05,0.14371783,0.8360959
Grant Park,0.0015182614,0.08376177,0.0375356,9.448329e-06,0.054683685,0.8224912
National Museum of Mexican Art,4.5751476e-06,0.00845581,6.2734657e-06,0.086344704,0.9051781,1.0530528e-05
Buckingham Fountain,6.523023e-06,0.11335925,0.04148384,1.2007057e-05,0.001129379,0.844009
Lakefront Trail,5.2975674e-06,1.2570395e-05,7.264052e-06,9.751338e-06,9.593361e-06,0.99995553
United Center,4.147528e-06,0.06655083,0.8478937,0.054348413,0.016468275,0.014734603
Richard H. Driehaus Museum,0.019236611,0.4105537,5.6099016e-06,0.0038326208,0.5663621,9.416677e-06
Lincoln Park Zoo,5.0012627e-06,0.0029555315,0.0050011342,0.12141151,0.15585303,0.7147738
360 Chicago Observation Deck,4.424212e-06,0.4218211,0.27055722,0.10460686,8.011803e-06,0.20300236
Chicago Riverwalk,5.6251033e-06,0.13439536,0.0023359293,0.10792936,1.0186495e-05,0.7553235
Navy Pier,0.0018626708,0.004902319,0.04655458,0.277138,0.011740457,0.657802
Chicago Cultural Center,0.12724382,0.5596317,0.005143309,8.687982e-06,0.30796158,1.0863665e-05
Shedd Aquarium,4.110173e-06,9.7528655e-06,0.20906699,0.15636201,0.19013622,0.4444209
Field Museum,4.0235577e-06,0.004301455,0.07501708,0.012624499,0.8379032,0.07014969
Museum of Science and Industry,4.275216e-06,0.0462575,0.111097865,0.06550384,0.69881207,0.07832444
Millennium Park,4.6953874e-06,0.05369837,0.05117654,0.00035411768,0.06696432,0.827802
Skydeck Chicago - Willis Tower,4.133381e-06,0.502519,0.34969008,7.609343e-06,0.019382335,0.12839685
Wrigley Field,0.0007742763,0.077688076,0.78554034,0.103915736,7.504073e-06,0.032074112
The Magnificent Mile,5.1133334e-06,0.42860657,0.007630627,0.3569649,9.259732e-06,0.20678358
Cloud Gate,6.0894463e-06,0.17181067,0.013792873,1.1208965e-05,0.11269701,0.70168215
