The National 9/11 Memorial & Museum,1.1191919e-05,0.479919,0.088855796,2.0601188e-05,0.43116766,2.5760233e-05
Madison Square Garden,1.1188214e-05,0.13623585,0.78682053,0.054270577,2.0260728e-05,0.02264158
American Museum of Natural History,1.2531883e-05,0.017856373,0.14773116,0.0063579953,0.7685708,0.059471123
Ellis Island,1.004438e-05,0.44495082,1.3772906e-05,1.848889e-05,0.40340897,0.15159786
New York Public Library,0.0036886802,0.40861666,1.9051804e-05,0.017228968,0.54409647,0.02635021
Gulliver's Gate,1.2001841e-05,0.06837543,0.05717618,0.0009093826,0.7526655,0.120861515
Greenwich Village,0.017778998,0.258493,0.04156713,0.43416497,0.024476059,0.2235198
St. Patrick's Cathedral,0.6769808,0.26175892,0.010701443,0.01582669,0.021713516,0.013018603
"Intrepid Sea, Air & Space Museum",9.39218e-06,0.18068916,0.20224144,0.03506904,0.54412085,0.03787013
The Roosevelt Island Tramway,1.3001094e-05,0.36278772,0.004034461,0.0024992211,2.3543671e-05,0.63064206
Chelsea Market,1.149485e-05,0.05592019,1.5761796e-05,0.8902084,0.04076859,0.01307558
The Oculus,0.011140108,0.74468964,1.9522113e-05,0.120313495,0.09751291,0.026324322
Bloomingdale's,1.14641025e-05,0.35233262,0.07332868,0.528563,0.04573779,2.6386664e-05
Madame Tussauds New York,1.148288e-05,0.09236655,0.2530231,0.12492025,0.52965224,2.642993e-05
Friends Building,1.3340737e-05,0.49216282,0.1635116,0.23033106,2.415873e-05,0.113956995
Museum of Illusions,1.25593715e-05,0.00447783,0.28981906,0.09947449,0.58748204,0.018734008
Wollman Rink,1.1337548e-05,0.012120977,0.33574325,0.065471,2.0531157e-05,0.58663285
Lincoln Square,4.0891897e-05,0.2740186,0.33612183,0.27646184,7.40511e-05,0.11328283
David H. Koch Theater,3.0397501e-05,0.082246676,0.89923275,5.5953282e-05,0.018364303,6.996546e-05
Gapstow Bridge,0.013539597,0.06171778,0.00014513769,0.00019483434,0.00019167793,0.92421097
Hans Christian Andersen Statue,0.077992976,0.4339571,4.947577e-05,6.6416775e-05,0.22227608,0.265658
Helen Hayes Theatre,0.0045677056,0.024539337,0.92598283,0.0032377378,0.0053359102,0.036336437
Greeley Square Park,2.5057258e-05,0.1737701,0.0069796266,0.5510955,4.537617e-05,0.26808435
Gramercy Park,0.036433965,0.32609034,0.059732005,0.010234958,2.817982e-05,0.5674805
The Players Theatre,0.02835022,7.085155e-05,0.81654125,0.04759797,0.07485471,0.03258503
Greenflea Flea Market,2.353387e-05,0.039284978,0.036194842,0.7695548,0.14668277,0.008259105
Statue of Confucius,6.5973414e-05,0.754676,0.049697313,0.019456387,0.12612958,0.049974807
American Merchant Marines Memorial,6.448253e-05,0.6318352,8.841877e-05,0.00011869425,0.12071275,0.24718046
The Governors Ball Music Festival,0.00028000228,0.00066440454,0.62397045,0.28501073,0.0005070559,0.0895673
Alphabet City,6.983967e-05,0.22134498,9.576452e-05,0.51415896,0.00012647262,0.264204
Conservatory Water,4.2135653e-05,0.030157818,0.010977462,7.755993e-05,0.047061972,0.9116831
Rockefeller Plaza Manhattan New York City,0.16153322,0.31965113,0.00025250795,0.17517674,0.00033347777,0.3430529
Delacorte Clock,0.03958597,0.31242144,0.28396612,0.00047806106,0.0004703163,0.36307806
Jean Dubuffet - Group of Four Trees,0.00021843587,0.6222611,0.00029952038,0.0004020793,0.3763161,0.0005027701
Cunard Building,0.09123413,0.48499957,0.14530002,0.10302654,0.00031250415,0.17512724
Center for Jewish History,6.824078e-05,0.13549586,0.053186253,0.00012561215,0.81096697,0.00015706815
Marilyn Monroe's subway grate,0.000119866425,0.5604266,0.00016436145,0.104703896,0.07961076,0.25497448
The Drawing Center,0.0002644348,0.0006274651,0.06040207,0.00048675042,0.9376106,0.0006086428
Church of St. Francis Xavier,0.8446718,0.0005854029,0.00033828654,0.050934102,0.10290256,0.00056784117
26th Street Flea Market,0.00012538364,0.00029751845,0.00017192669,0.8537125,0.14540404,0.00028859286
One Chase Manhattan Plaza,0.0017293297,0.9856042,0.0023712658,0.003183211,0.0031316418,0.0039803497
Nuyorican Poet's Cafe,2.6181913e-05,6.2126004e-05,0.6380839,0.16917582,0.18823248,0.0044195307
Miriam and Ira D. Wallach Art Gallery,0.0787841,0.079831764,0.08237463,0.00031725882,0.75829554,0.00039670823
Lady Liberty,0.00012344691,0.33928928,0.29463637,0.00022723117,0.21548653,0.15023719
Aqueduct Race Track,3.7831345e-05,0.123797454,0.23346639,0.49732822,6.850876e-05,0.1453016
Dante Park,0.00018935231,0.26897985,0.0800012,0.035039198,0.00034289793,0.6154475
Carnegie Hill,0.04291244,0.36936754,0.20824932,0.19045891,0.18879083,0.00022097588
Merkin Concert Hall,0.05961002,0.00026614423,0.8989747,0.00020645886,0.040684506,0.0002581609
The Studio Museum in Harlem,0.033362016,0.056798697,0.028112596,0.04790975,0.833772,4.4926936e-05
"New Era Factory Outlet, Inc.",0.00020179461,0.29188216,0.3038602,0.3532169,0.0003654297,0.050473593
Joker Stairs,0.00037386402,0.8067278,0.13998723,0.0006881789,0.0006770301,0.051545825
Beresford,0.00022940843,0.82093877,0.17746614,0.00042227661,0.00041543558,0.00052802544
Christ Church,0.53538644,0.33402452,0.0005799532,0.00077853526,0.0007659226,0.12846458
America's Response Monument,0.00036320518,0.99697644,0.0004980288,0.0006685589,0.0006577281,0.0008359823
Astor Place,0.00040065052,0.44848567,0.123972386,0.20381096,0.1965425,0.026787858
Barrymore Theater,0.037394427,0.019412955,0.8435158,0.054827984,0.044777248,7.1512906e-05
Wagner Cove,0.00026373027,0.0006257951,0.0003616283,0.00048545355,0.00047758897,0.9977858
Throgs Neck Bridge,0.00013479212,0.000319843,0.21221219,0.010517254,0.00024409498,0.77657187
National Park Service - Information Center on Liberty Island,0.00011412534,0.61229473,0.14724189,0.00021007277,0.07576673,0.16437241
De Witt Clinton Park,0.00015853927,0.39406398,0.10174179,0.00029182638,0.0002870987,0.5034567
Christopher Columbus Statue,0.00027757054,0.8122223,0.00038060616,0.0005109295,0.00050265226,0.18610592
Skirball Center for the Performing Arts at NYU,0.034307547,0.1082634,0.7831135,0.025403446,0.0001450418,0.04876709
National Academy of Design Museum,0.028287478,0.100670956,0.00010418729,0.00013986208,0.87062263,0.00017488688
Ralph Bunche Park,0.00017035153,0.81327176,0.00023358688,0.00031356944,0.00030848946,0.1857022
The Ansonia,0.00027894345,0.8767599,0.00038248868,0.0005134567,0.07670545,0.045359775
Italian American Museum,9.016535e-05,0.111729905,0.00012363518,0.18726638,0.70058244,0.00020753194
79th Street Boat Basin,9.469774e-05,0.023644978,0.13561378,0.23543383,0.00017148808,0.6050412
Alexander Hamilton Statue,0.01750328,0.50336844,0.20080876,0.00025968105,0.093166664,0.1848932
Inwood Park,7.818607e-05,0.08124364,0.107350826,0.016612357,0.00014158711,0.7945734
The Chanin Building,0.06673796,0.7136943,0.00038424708,0.0005158174,0.21802273,0.0006449902
I Heart Radio Theater,0.119801596,0.07906917,0.8000367,0.00033780275,0.00033233024,0.0004223987
The Northern Dispensary,0.050105277,0.75723827,0.00017520478,0.059561186,0.101108074,0.031811994
Sperone Westwater,0.00042720564,0.0010137017,0.00058578653,0.00078636577,0.99620366,0.0009832925
Logos Bookstore,0.0003420527,0.13172248,0.00046902438,0.4937084,0.26941118,0.104346894
New York Grand Opera,0.41618326,0.19080056,0.2590506,0.0004667625,0.13291515,0.00058365107
Canyon of Heroes,0.0006184777,0.7899261,0.20577344,0.0011384441,0.0011200007,0.0014235425
Greater Zion Hill Baptist Church,0.99175775,0.0020167925,0.0011654443,0.0015645043,0.0015391586,0.0019562945
Giuseppe Garibaldi Statue,0.00047231306,0.84825873,0.0006476381,0.0008693961,0.0008553114,0.14889657
The Lowline Lab,0.00013940335,0.00033078468,0.00019115058,0.08246542,0.6740572,0.24281602
Church of the Holy Trinity,0.4167005,0.4783018,0.00019072853,0.00025603594,0.00025188804,0.104299
Castle Williams,0.00014614887,0.53134805,0.08064755,0.00026901913,0.0002646609,0.38732457
The Broken Kilometer,0.00019604679,0.25964147,0.00026882038,0.00036086724,0.7390816,0.00045123688
Foxwoods Theater,2.6795997e-05,6.358326e-05,0.84781116,4.9323924e-05,0.15198745,6.16759e-05
Grey Art Gallery NYU,0.00023650822,0.0005612016,0.00032430128,0.00043534534,0.8541605,0.14428215
William Cullen Bryant Statue,0.00013212541,0.47445294,0.06513566,0.00024320581,0.36377499,0.09626111
Port Authority Bus Terminal,0.00013630863,0.75120395,0.16455176,0.050682556,0.0002468412,0.033178613
Larry's Freewheeling,0.07615435,0.015661687,0.13277875,0.43960446,0.00024027315,0.33556047
China Institute,0.0001689234,0.08331513,0.00023162864,0.00031094067,0.91558456,0.00038880855
Fantasy Forest Amusement Park at the Flushing Meadows Carousel,7.66673e-05,0.00018192136,0.22803205,0.008292717,0.1841072,0.57930946
Citicorp Center,0.00017271476,0.72171265,0.074164845,0.20323952,0.00031276906,0.00039753455
Church of Our Lady of Guadalupe,0.6584075,0.0005655068,0.17178783,0.02838707,0.14030361,0.0005485404
Ancient Playground,0.00017869804,0.00042402744,0.00024503167,0.06750687,0.15002204,0.7816233
Pier 34,0.00024304168,0.16291279,0.18883426,0.0004473716,0.00044012401,0.64712244
St. Jean Baptiste Roman Catholic Church,0.58331424,0.3823185,0.00025330522,0.0003400395,0.033348776,0.00042519363
Peace Fountain - Friedensbrunnen,0.32199946,0.15475222,0.00020024161,0.00026880644,0.21435706,0.30842218
City Cinema 123,0.000113496986,0.0847991,0.84578156,0.06883905,0.00020553163,0.00026123406
New York City Opera,0.33035663,0.00025676357,0.6687424,0.00019918125,0.00019595443,0.00024906098
Life Underground,0.0001713735,0.54016775,0.00023498823,0.00031545063,0.4018814,0.05722907
The New York Mosque,0.57064193,0.19758676,0.00023009157,0.034541793,0.1966132,0.00038622788
2120: An Art Experience at Portion Gallery,0.0002091509,0.00049628486,0.087258816,0.32586282,0.5856916,0.00048139883
New York Society Library,0.0003106854,0.16427967,0.0004260134,0.00057188474,0.83369666,0.0007150996
Soldiers' and Sailors Monument New York,0.017663812,0.6993249,0.000117515374,0.00015775385,0.00015519815,0.28258085
Theodore Roosevelt Park,0.00013167043,0.0003124359,0.00018054717,0.045679398,0.1885919,0.76510406
Institute for the Study of the Ancient World,0.042745825,0.028866014,0.0041152663,0.038479205,0.88570344,9.024458e-05
Ukrainian Museum,0.02923815,0.000106780455,6.170507e-05,0.018088773,0.952401,0.00010357745
Guardians Superhero Sculptures,0.00045960955,0.38964552,0.046672486,0.0008460123,0.5613185,0.001057876
Poster House,0.01185528,0.00016428361,0.011563808,0.038260687,0.93799657,0.00015935513
53rd Street Public Library,0.00019278015,0.27100587,0.27864286,0.00035485424,0.44935995,0.0004437192
Tribeca Film Festival,0.00012979667,0.048463747,0.8695664,0.0002389193,0.08130242,0.00029874986
New York City Aids Memorial,0.00032430884,0.7372231,0.00044469396,0.0005969617,0.26066446,0.0007464542
Holy Cross Church,0.60866714,0.0010485746,0.13238597,0.00081341766,0.0008002396,0.25628468
Fort Schuyler,0.14331706,0.26557657,0.0005798371,0.00077837927,0.3902516,0.19949657
Stephen A. Schwarzman Building,0.00014036299,0.374293,0.00019246645,0.00025836893,0.6247927,0.0003230716
Arcadia Earth,9.7697564e-05,0.0002318224,0.11653672,0.00017983385,0.81612945,0.066824414
Mickey The True Original Exhibition,0.00019566342,0.0004642819,0.42626768,0.0003601616,0.5722618,0.0004503565
Grolier Club,0.00011118937,0.035697903,0.00015246344,0.054685723,0.9090968,0.00025592238
Roosevelt Island Historical Society Visitor Center Kiosk,0.000184452,0.15626094,0.0002529215,0.06320526,0.043001685,0.73709476
The San Remo,0.025253858,0.9725034,0.00041984714,0.000563607,0.00055447646,0.0007047487
American Irish Historical Society,0.023481045,0.34121764,0.17857264,0.00012379729,0.45645007,0.00015479929
Strivers' Row,0.00019585475,0.9504092,0.00026855702,0.00036051375,0.00035467322,0.04841121
The Art Students League of New York,0.042590372,0.0005087213,0.053215537,0.093643054,0.80954885,0.00049346
Holy Innocents Church,0.8575842,0.1406619,0.00032834022,0.0004407673,0.00043362667,0.0005511456
John Jay Park,0.00012903531,0.00030618324,0.04083293,0.00023751784,0.00023366997,0.95826066
Pearl River,2.5207992e-05,0.09704429,0.081114195,0.52325904,0.24134156,0.05721567
The Africa Center,0.0002812529,0.00066737516,0.32306132,0.3885876,0.28675506,0.00064735644
Memorial Baptist Church,0.15655984,0.27133468,0.4316572,0.000600455,0.13909703,0.0007508222
Main Street Park,0.0011225158,0.27608415,0.0015391993,0.0020662372,0.002032763,0.71715516
Kelly Temple,0.7174712,0.0012977351,0.23308858,0.0010067073,0.04587697,0.0012588113
Pulitzer Fountain,0.00033999016,0.71983135,0.00046619624,0.00062582653,0.0006156879,0.27812093
Father Duffy statue,0.047358416,0.7300031,0.10696556,0.067577645,0.047811393,0.00028391124
75 1/2 Bedford Street,0.0030554747,0.5719778,0.0041896827,0.40821108,0.0055331565,0.0070327907
Sara D Roosevelt Park,0.00015782769,0.1565284,0.03576609,0.13676107,0.10201066,0.56877595
Daryl Roth Theatre,0.034398682,0.020577954,0.7685382,0.10968757,0.06666528,0.00013239316
Salmagundi Museum of American Art,0.00010143101,0.18184978,0.033977397,0.13021205,0.65362585,0.00023346167
Manhattan Waterfront Greenway,4.128514e-05,0.118463375,0.036111817,0.051915035,7.476324e-05,0.7933937
Artists & Fleas,0.00017062867,0.00040487846,0.0002339669,0.6682212,0.33057657,0.00039273177
St. John the Baptist Church,0.4558357,0.41586232,0.00019907282,0.0002672374,0.00026290803,0.12757279
Kirk Theatre,9.587215e-05,0.043797884,0.95553553,0.00017647377,0.00017361481,0.00022066715
Lucille Lortel Theatre,0.016405318,0.035955347,0.8559778,9.400555e-05,0.09145,0.00011754677
Tweed Courthouse,3.1472875e-05,0.8738404,4.3155767e-05,0.069653116,0.05635939,7.244059e-05
Robert F. Kennedy Bridge,5.860135e-05,0.36375678,0.14201851,0.00010786866,0.000106121144,0.4939521
Bartman Statue,0.11617925,0.68045914,0.042018645,0.054186646,0.1067929,0.00036344887
Masjid Malcolm Shabazz Mosque,0.17679064,0.6641348,0.0014222806,0.0019092838,0.15335563,0.0023874152
Museo de la Estatua de la Libertad,0.029655557,0.4525899,0.0005297,0.0007110748,0.29928958,0.21722412
Cooper Union Foundation Building,8.316509e-05,0.65039486,0.000114036404,0.00015308362,0.3490634,0.00019142014
"Machpelah Cemetery, site of Houdini's grave",0.031885996,0.38873672,0.24096294,0.00035185597,0.2488021,0.089260384
Asphalt Green,0.0001108336,0.059902567,0.12004467,0.16434136,0.0002007085,0.6553998
Riverbank State Park,0.00010377632,0.00024624701,0.20951872,0.00019102314,0.00018792847,0.78975236
Turtle Pond,0.00024753605,0.00058736786,0.0003394227,0.0004556445,0.0004482628,0.9979217
Church of the Ascension,0.80920064,0.15761837,0.00023080553,0.00030983574,0.032252934,0.00038742597
Hudson Street,0.00011746253,0.1651443,0.00016106521,0.48963016,0.15369901,0.19124807
Church of Saint Agnes,0.7813606,0.14302507,0.00017756832,0.074904166,0.00023450784,0.00029806362
The Davenport Theatre,4.7176163e-05,0.0322335,0.894333,0.01162638,0.06165135,0.00010858448
Group of Bears Statue,9.7159485e-05,0.4589092,0.00013322559,0.00017884339,0.14595899,0.3947226
Attractions4Us New York City,1.29783075e-05,0.44198176,0.37350354,0.062311415,0.058583334,0.06360701
The Episcopal Church of The Heavenly Rest,0.42673388,0.24782982,0.00013980764,0.082143985,0.23106639,0.012086065
Elevated Acre,0.00010375868,0.3682429,0.06009663,0.046749003,0.00018789653,0.5246199
Holy Trinity Greek Orthodox Cathedral,0.879308,0.0024804506,0.0014333841,0.1124791,0.0018930167,0.002406045
Double Check,0.00033342472,0.87822497,0.07132251,0.00061374146,0.048737932,0.000767436
4 World Trade Center,0.00020892659,0.5476607,0.0002864812,0.40216663,0.000378345,0.04929887
Highbridge Park,5.8973674e-05,0.15017526,0.0125239305,0.007962906,0.0032355268,0.82604337
Harlem Meer,0.006828778,0.17407903,0.00017936967,0.0002407877,0.0870721,0.7316
Dyckman Farmhouse Museum,0.03151446,0.42319822,0.121241264,0.01711607,0.35744834,0.049481574
Our Lady of Pompeii,0.80479544,0.04612036,0.00029124165,0.08691454,0.00038463195,0.06149381
St. Luke's Theatre,0.039074596,8.208002e-05,0.89580685,0.025639154,0.0393177,7.961762e-05
Katharine Hepburn Garden,0.00022463647,0.17847721,0.050235327,0.0004134928,0.09313638,0.677513
Second Avenue Subway,0.029156674,0.7172868,0.09808557,0.00013696661,0.062076095,0.093257934
St. Mark's-in-the-Bowery Church,0.36701202,0.27827775,0.06503086,0.00016758038,0.2893022,0.00020954682
MoPi - Museum of Pizza,5.9037866e-05,0.00014008889,0.17775993,0.4417623,0.38014278,0.00013588619
Hallett Nature Sanctuary,0.016937442,0.08683033,9.756553e-05,0.00013097296,0.00012885114,0.89587486
"Sadigh Gallery Ancient Art, Inc",0.00020074425,0.0004763378,0.26472363,0.22492963,0.5092076,0.00046204738
Judd Foundation,0.018859379,0.32043013,0.09597788,0.00013332326,0.56443256,0.0001667104
The Appel Room,0.0587187,0.149376,0.7748417,0.016723774,0.00014961757,0.00019016632
Playwrights Horizons,0.041478466,0.021616539,0.74760073,7.658215e-05,0.15935864,0.029869003
Rockaways,3.6191617e-05,0.09169861,4.9626127e-05,0.13377051,6.5539374e-05,0.77437955
Union Square Metronome,0.00035137034,0.2075551,0.00048180082,0.0006467743,0.44132435,0.34964064
Marble Collegiate Church,0.5909363,0.22413032,0.13342643,0.00010441947,0.03633423,0.01506826
Jefferson Market Library,0.023820957,0.7039198,6.0761828e-05,8.1567305e-05,0.21879616,0.053320732
Hester Street Fair,4.5053897e-05,0.054026134,0.02264151,0.81279975,0.08073318,0.029754309
Joan of Arc Memorial,0.046365634,0.5932223,0.00013493659,0.00018114028,0.00017820571,0.35991773
American Standard Building,0.00018336345,0.92924565,0.0002514289,0.0003375208,0.06956,0.00042204405
Saint Paul Chapel,0.39574033,0.49736816,0.00034471386,0.00046274738,0.10550541,0.0005786304
Mmuseumm,0.00021314276,0.0005057582,0.103028424,0.09124727,0.80451477,0.00049058604
Electric Zoo,0.00013230206,0.00031393414,0.74843866,0.13288791,0.0002395857,0.1179876
George M. Cohan Statue,8.302182e-05,0.55222756,0.38412097,0.00015281989,0.00015034416,0.063265294
St. Vartan Armenian Cathedral,0.4844512,0.36287236,0.00017401637,0.00023360136,0.1519767,0.00029210097
Museum of Comic and Cartoon Art MOCCA NYC,0.00012209668,0.00028971842,0.25817943,0.00022474577,0.7192303,0.021953695
Lever House,0.00013919832,0.17086416,0.00019086945,0.515922,0.31256333,0.00032039013
John V. Lindsay East River Park,4.5403285e-05,0.10968748,6.225722e-05,0.015865728,8.222079e-05,0.8742569
Artechouse,0.00020846809,0.00049466774,0.16125295,0.13143095,0.7061331,0.00047982595
The Immigrants,0.00011424872,0.8025697,0.00015665843,0.00021029987,0.12794523,0.069003865
Graffiti Hall of Fame,0.08422417,0.03162926,0.00028902755,0.00038799355,0.59204745,0.29142213
Church of the Transfiguration,0.676249,0.27161583,0.00010473242,0.00014059388,0.00013831619,0.051751472
Fotografiska New York,8.89729e-05,0.054109953,0.00012200009,0.21721227,0.728262,0.00020478685
Sloomoo Institute,0.0001294958,0.00030727498,0.07849788,0.52839875,0.27888435,0.11378223
Taglialatella Galleries,0.0004648346,0.0011029871,0.13656987,0.00085563026,0.85993683,0.0010699023
Alice Tully Hall,0.20125192,0.061250925,0.73707056,0.00013190389,0.00012976698,0.00016493599
Urbanspace - Broadway Bites,4.8874554e-05,0.03234534,0.027348174,0.9400566,8.8506895e-05,0.00011249375
Metropolitan Life Insurance Tower,0.00012310027,0.96828276,0.00016879573,0.0002265931,0.0002229222,0.030975811
Korean War Veterans Memorial,0.00012375297,0.92676955,0.00016969071,0.00022779455,0.00022410417,0.0724851
World Trade Center Transportation Hub,0.00011520409,0.9059156,0.00015796845,0.00021205845,0.00020862302,0.09339054
Shrine of St. Elizabeth Ann Bayley Seton,0.49713218,0.4198108,0.00016924646,0.00022719816,0.00022351748,0.08243703
Tudor City Greens,8.312763e-05,0.26713437,0.00011398503,0.052356575,0.00015053576,0.6801614
Leslie-Lohman Museum of Gay and Lesbian Art,6.4119406e-05,0.00015214646,8.792085e-05,0.119638145,0.8799101,0.0001475821
El Museo del Barrio,0.025455313,0.010617796,0.013618524,0.11465721,0.80892634,0.02672483
Bryant Park,0.0034060348,0.013541945,0.0024649522,0.36212897,0.079479784,0.5389783
The National Arts Club,0.072888665,0.18422146,0.07287953,0.23438442,0.435425,0.00020091621
Queen of Hearts,9.324746e-06,0.25166726,0.44763243,0.06100816,1.6886175e-05,0.23966594
GemsNY,5.2752293e-05,0.2408483,0.2427436,0.363527,0.1527069,0.00012141895
Ninth Avenue International Food Festival,0.00018317891,0.00043465677,0.08350097,0.9151279,0.00033171856,0.0004216184
Canal Street Market,0.000110899935,0.021967363,0.00015206655,0.9311304,0.0002008286,0.0464384
Showfields,0.000108242006,0.18026914,0.10941089,0.48239014,0.22757249,0.00024913863
CBS Building,0.00010870672,0.502848,0.49639612,0.00020009863,0.00019685694,0.000250208
Tom's Diner,0.010660294,0.0827088,0.2559521,0.65060157,3.4016877e-05,4.323592e-05
City Hall Park Visitor Information Center,0.004500599,0.45811185,0.016652502,0.022875644,0.010612543,0.48724684
Samsung 837,0.000118364616,0.12778664,0.00016230217,0.41574624,0.39432436,0.061862055
Asia Society and Museum,0.016409827,0.033009086,0.031506497,0.08642655,0.82087135,0.011776694
Metropolitan Transportation Authority,2.3706152e-05,0.7744451,0.16363016,0.033581603,4.292945e-05,0.028276473
Ladies Pavilion,0.1001042,0.00022609501,0.03276499,0.0001753908,0.00017254938,0.86655676
Orpheum Theatre,6.867206e-05,0.00016294928,0.8821218,0.07485671,0.04263181,0.00015806129
Mount Neboh Baptist Church,0.3816575,0.2199548,0.23376787,0.00015666896,0.16426726,0.00019590264
American Express 11 Tears Memorial,9.6579795e-05,0.91328675,0.00013243071,0.00017777632,0.08608416,0.00022229561
Pier 66 Maritime,4.256641e-05,0.00010100443,0.12714536,0.5710218,0.011971321,0.28971794
Library Way,9.776862e-05,0.5568999,0.00013406084,0.050517432,0.30959094,0.08275995
Foley Square,0.015388005,0.91689426,0.000104809216,0.00014069697,0.00013841761,0.06733382
Christopher Park,0.04195389,0.49494913,8.546654e-05,0.16965774,0.07649071,0.21686307
Rose Theater,0.0499924,0.026659885,0.9116475,0.00014841973,0.00014601526,0.011405769
Orchard Street,7.57153e-05,0.19921093,0.000103821214,0.55990654,0.24052875,0.00017427269
Minetta Lane Theatre,0.02978387,0.009461073,0.86413306,0.050592266,0.04591917,0.000110514935
Frank Gehry Building,0.00036044422,0.58205473,0.000494243,0.00066347676,0.07511718,0.34130988
The Museum of Interesting Things,5.8483467e-05,0.013343197,0.11117151,0.14529707,0.7299952,0.00013461054
Victorian Gardens,1.9105775e-05,4.5335397e-05,0.28417477,0.07743031,3.4598637e-05,0.6382959
Japan Society,5.9673643e-05,0.044773262,0.08941519,0.00010984246,0.75669503,0.108946964
The Church of St. Ignatius Loyola,0.81529856,0.07340781,0.11084477,0.0001387822,0.00013653388,0.00017353661
59E59 Theaters,2.2023132e-05,0.016681982,0.8720631,0.045457855,0.06572438,5.0690247e-05
Dave's New york,0.00014926291,0.14809379,0.00020467005,0.7738319,0.07737679,0.00034355494
William Tecumseh Sherman Monument,0.025711045,0.9732405,0.0001962745,0.00026348085,0.00025921242,0.0003294631
Holland Tunnel,9.6095835e-05,0.45681572,0.289342,0.0001768855,0.00017401988,0.25339526
East River Waterfront Esplanade,0.000109877496,0.021144705,0.0001506646,0.02552487,0.010703565,0.9423663
Pier 45,0.00010603352,0.00025160218,0.11809721,0.06863783,0.00019201603,0.81271535
Barrow Street Theatre,2.5947726e-05,0.04518228,0.82917744,0.06804015,0.057514522,5.97234e-05
David Zwirner Gallery,9.825616e-05,0.059599668,0.11467902,0.00018086204,0.82521605,0.00022615463
St. Peter's Church,0.603387,0.3516191,8.630041e-05,0.00011585055,0.044646904,0.00014486226
Riverside Drive,0.028124798,0.4174251,9.0210844e-05,0.01952159,0.000119138094,0.53471917
Laura Pels Theater,0.018785682,0.09572389,0.88505137,0.0001357716,0.00013357204,0.00016977171
New York City Wine & Food Festival,7.031307e-05,0.045738705,0.27525154,0.6786503,0.0001273299,0.00016183812
Hispanic Society of America,0.028908607,0.20971021,0.026219804,0.0055301855,0.7220068,0.0076243854
Malcolm Shabazz Harlem Market,3.7348367e-05,0.061639216,0.068991356,0.49175018,0.37749594,8.5963904e-05
Fifth Avenue Presbyterian Church,0.68532044,0.27293736,0.00012395174,0.041246474,0.00016369844,0.00020806305
St. Nicholas Park,6.947965e-05,0.19560091,0.12187822,0.00012789255,0.00012582065,0.6821977
Fulton Fish Market,0.00016854826,0.1928611,0.06269954,0.7219767,0.02190618,0.0003879446
Museum of American Finance,9.386183e-06,0.18456192,0.03396847,0.020522017,0.7609166,2.1603986e-05
Mt Olivet Baptist Church,0.37624565,0.08290937,0.54001963,0.00025518256,0.00025104845,0.00031908596
The Jefferson Market Garden,0.06463245,0.10325796,7.50307e-05,0.055721037,0.16936387,0.6069496
Bowery,5.8557758e-05,0.34869856,8.02947e-05,0.58852285,0.062504895,0.00013478138
The Pond,8.9223664e-05,0.0712062,0.00012234395,0.00016423575,0.00016157507,0.92825645
Society of Illustrators,1.8428804e-05,0.01574032,0.055151913,0.16788043,0.7611665,4.241719e-05
United Palace,0.040813755,0.09608841,0.8627772,9.913381e-05,9.75278e-05,0.00012395938
The National Jazz Museum in Harlem,0.059294555,8.14755e-05,0.24554543,0.07523136,0.61976814,7.9031204e-05
Hello Panda Festival,3.456045e-05,8.2007085e-05,0.48219034,0.20888883,0.16854183,0.14026242
Mother African Methodist Episcopal Zion Church,0.5424609,0.07856629,0.326606,0.00062341266,0.050963894,0.0007795292
Tiffany Street Clock at 5th Ave.,0.00025024355,0.9558318,0.00034313524,0.0004606282,0.04253817,0.0005759802
Tudor City,5.6893445e-05,0.70071703,7.8012585e-05,0.06820175,0.000103028295,0.23084332
Titanic Memorial Park,0.007068692,0.6745576,9.094652e-05,0.00012208756,0.1161278,0.20203286
Gagosian Gallery,6.328357e-05,0.00015016327,0.03974123,0.10821253,0.85168713,0.00014565888
The American Kennel Club Museum of the Dog,2.7209448e-05,6.4564214e-05,0.021877587,0.055089142,0.722505,0.20043655
Church of Saint Mary the Virgin,0.65580815,0.2674743,0.0089527145,0.007757911,5.2302807e-05,0.05995466
PlayStation Theater,0.014273505,0.018217675,0.8974811,0.06995022,3.4118024e-05,4.336457e-05
Grand Bazaar NYC,4.1041778e-05,0.020294696,0.05106352,0.753092,0.17541432,9.446512e-05
The Municipal Building,0.00071140274,0.7949671,0.037510842,4.9366776e-05,0.0023393922,0.16442192
Antioch Baptist Church,0.26330015,0.0011725543,0.5461475,0.18734747,0.0008948605,0.0011373803
Schomburg Center for Research in Black Culture,3.9446266e-05,0.10113854,0.10361487,7.260952e-05,0.7950437,9.079253e-05
New York Transit Museum,2.5703463e-05,0.4419338,0.01236418,0.12671465,0.40809393,0.010867723
Tompkins Square Park,2.2509183e-05,0.04625228,0.06899165,0.21620046,0.02966531,0.6388678
Swedish Cottage Marionette Theatre,2.8361761e-05,0.0033171016,0.58441246,5.2206055e-05,0.20465228,0.20753758
Helmsley Building,6.8840476e-05,0.90645343,9.439441e-05,0.00012671603,0.00012466317,0.09313195
Church of St. Paul the Apostle,0.68050677,0.15870799,7.105477e-05,0.03882141,0.12177354,0.00011927143
The Armory (Track),3.1443753e-05,0.11933696,0.5491575,0.0299644,0.16806029,0.13344944
Barney's,0.0067628142,0.21068357,0.13635656,0.5735313,0.07263228,3.3505043e-05
New York City Vietnam Veterans Memorial Plaza,2.5993126e-05,0.90887517,3.5641904e-05,0.009429725,4.707093e-05,0.08158641
Joey Ramone Place,0.0006037939,0.24742879,0.3520951,0.3973892,0.0010934098,0.0013897396
New Victory Theater,2.2377946e-05,5.3099728e-05,0.77424353,0.015861966,0.19762705,0.012192
Westside Theatre,0.036089364,0.07601379,0.8430788,0.021093927,0.018481933,0.005242184
Obscura Antiques & Oddities,1.268954e-05,0.010728449,0.09505093,0.3980121,0.49616668,2.9207296e-05
The Shed,3.0093888e-05,0.164356,0.36101004,5.5394416e-05,0.40533334,0.069215104
Church of Saint Vincent Ferrer,0.70799285,0.229392,0.00013842342,0.00018582102,0.06205855,0.00023235491
Modell's,3.4734403e-05,0.05316484,0.3581955,0.58846205,6.290051e-05,7.99475e-05
Elizabeth Street Garden,5.248234e-05,0.21297862,7.196405e-05,0.3733841,0.15641758,0.25709525
Times Square Countdown,3.5587178e-05,0.18635873,0.63335365,0.15434699,6.4444794e-05,0.025840629
The New York Earth Room,4.406846e-05,0.24097547,0.028970871,8.111769e-05,0.49325207,0.23667638
Cherry Lane Theatre,0.013043071,0.06187614,0.6894932,0.119405456,5.953047e-05,0.11612264
The Green Room 42,0.024604406,0.00011862382,0.6177114,0.31790894,0.03954155,0.00011506532
The Kneeling Fireman,0.05554544,0.90368944,0.00013916196,0.00018681244,0.040205523,0.00023359415
Algonquin Hotel,0.0056782537,0.25377443,0.30232447,0.4024881,0.035715327,1.9410109e-05
Nicholas Roerich Museum,0.08971016,0.12987058,0.016631933,0.026637075,0.7370659,8.4348256e-05
Diamond District,6.225166e-05,0.13475022,0.008047184,0.6143951,0.24260195,0.00014328351
Irish Repertory Theatre,0.0896564,0.013842745,0.81503683,0.022989407,0.058436703,3.7935144e-05
NY Waterway,8.837553e-06,0.26562074,0.21498947,0.13369663,1.6003918e-05,0.38566834
Rose Center for Earth and Space,3.6506986e-05,8.662622e-05,0.19992243,6.719913e-05,0.7172741,0.082613066
Monumento General Jose de San Martin,0.00018614119,0.95987034,0.00025523774,0.00034263378,0.00033708295,0.039008543
Dalmatian and Taxi Sculpture,0.00022381236,0.26779944,0.091128185,0.00041197587,0.22396104,0.41647553
New York Public Library - Bloomingdale Library,0.019927029,0.3405094,6.5645676e-05,0.01689159,0.5798175,0.04278881
Scandinavia House,3.4365374e-05,8.154429e-05,0.062303793,0.47228372,0.46521747,7.909815e-05
Sutton Place Park,0.00015077379,0.050818957,0.0002067418,0.08536423,0.0671694,0.79628986
United States Custom House,2.5974783e-05,0.60168904,3.5616755e-05,4.781229e-05,0.3872118,0.010989794
The Mall,5.4080872e-05,0.2106299,7.415597e-05,0.085877374,0.14271167,0.56065285
Heckscher Playground,3.2497475e-05,7.711191e-05,0.034008626,5.9818747e-05,5.884966e-05,0.9657631
Seagram Building,7.8505116e-05,0.88163817,0.000107646614,0.04021407,0.07778089,0.00018069378
New York Yacht Club,5.8159283e-05,0.23235701,0.17732508,0.36765674,0.13896525,0.08363774
The Annex / Hell's Kitchen Flea Market,1.0927078e-05,0.023016395,0.00025778296,0.7976819,0.16852364,0.010509343
Zuccotti Park,0.01745724,0.37678236,4.2832286e-05,0.19461846,5.6567e-05,0.41104257
Columbus Park,0.020778755,0.2199496,0.16054812,0.15993088,5.4959706e-05,0.43873763
LuminoCity Festival,2.5679105e-05,6.0932933e-05,0.6401561,0.033511348,0.049895633,0.27635035
Town Hall,1.6467518e-05,0.077508725,0.86681044,0.027351871,0.028274583,3.7902933e-05
Ford Foundation Building,0.00012543438,0.4345359,0.00017199627,0.00023088955,0.27064812,0.29428765
T.J. Maxx,6.7326764e-05,0.20630498,0.11627195,0.67707884,0.00012192199,0.00015496444
James A. Farley Post Office,3.0062918e-05,0.774808,0.07310176,5.5337405e-05,0.1519356,6.919523e-05
Church of Saint Joseph of the Holy Family,0.6396517,0.0043487665,0.1773175,0.0033735281,0.003318875,0.17198965
Agora Gallery,7.3101415e-05,0.00017345927,0.072588384,0.00013455923,0.8223047,0.10472577
Lincoln Tunnel,2.7825843e-05,0.48452184,0.20653121,0.01401082,5.03898e-05,0.2948579
Fred F. French Building,0.019931918,0.85305184,9.684002e-05,0.018153325,0.10860352,0.00016255422
Church of St. Francis of Assisi,0.6861498,0.26845554,0.020231314,0.0249753,8.282007e-05,0.00010526562
Golden Theatre,0.020580588,0.0879757,0.81655675,0.0066901958,0.06816317,3.3630946e-05
Cort Theatre,0.048118472,0.022918314,0.8752413,0.04081182,1.6269165e-05,0.012893801
Cleopatra's Needle,2.1888873e-05,0.42317194,3.0014135e-05,4.0291285e-05,0.38196972,0.19476615
New York Public Library for the Performing Arts,0.028265143,0.12239012,0.22129975,3.9500246e-05,0.6279561,4.9392074e-05
Paley Center for Media,1.9139292e-05,0.020418718,0.37042004,3.5230074e-05,0.60906285,4.405259e-05
The Sphere,4.9907176e-05,0.77430785,6.843297e-05,9.186512e-05,0.09324315,0.13223878
Skyscraper Museum,9.708762e-06,0.3702259,0.011849848,1.787111e-05,0.6030488,0.014847823
Seventh Avenue,4.5128134e-05,0.62642336,0.017640572,0.21765965,0.012160052,0.12607121
Museum of the American Gangster,9.702325e-06,0.29277554,0.10099526,0.11355,0.49264717,2.2331658e-05
City Hall Park,0.03061661,0.39180425,0.012307959,0.005337302,4.4673878e-05,0.5598892
The Pershing Square Signature Center,1.462724e-05,0.05855773,0.7805895,0.121035814,0.039768685,3.366719e-05
Castle Clinton National Monument,1.000183e-05,0.60034746,0.024899833,1.8410567e-05,0.22818902,0.14653529
Stonewall National Monument,0.0041191643,0.7062247,5.777367e-05,0.1405391,0.100346796,0.04871247
Abyssinian Baptist Church,0.32798293,0.16887623,0.391772,0.053576753,0.054510225,0.003281893
Randall's Island Park,2.3549423e-05,0.037031006,0.2838969,4.334789e-05,4.264563e-05,0.6789625
New York City Criminal Court,6.169538e-05,0.87551373,0.12405725,0.000113563896,0.00011172411,0.0001420032
Delacorte Theater,0.055151522,0.0024450282,0.7766337,0.001813659,0.020195024,0.14376114
The High Bridge,0.0026737482,0.335029,2.9572906e-05,0.015202027,0.0011694123,0.64589626
Sony Hall,2.5484618e-05,0.0226595,0.7427374,0.23447275,4.615008e-05,5.8657413e-05
American Folk Art Museum,1.0548752e-05,0.045677226,0.033874128,0.023084406,0.8973294,2.4279863e-05
Channel Gardens,0.12380294,0.054039393,0.00010028065,0.00013461777,0.00013243691,0.82179034
Kinokuniya Book Stores of America,1.5618274e-05,0.026808739,2.1415859e-05,0.33700344,0.63456494,0.0015858142
Broadhurst Theatre,8.959691e-06,0.022726871,0.9541644,0.0059527974,0.009777686,0.0073693395
South Street Seaport Museum,1.2998046e-05,0.22198185,0.028554117,0.09550392,0.341262,0.3126851
Children's Museum of the Arts,1.7178832e-05,4.076293e-05,0.06159575,0.13128565,0.7073443,0.09971637
Ghostbusters Building,0.031205831,0.7911704,0.060942035,0.00011842528,0.00011650673,0.116446756
Lyceum Theatre,0.020674279,2.355662e-05,0.94394314,0.019227993,1.7977722e-05,0.016113032
New York Comic-Con,0.007274587,0.097854696,0.598598,0.12677407,0.14855416,0.020944456
Bowling Green,1.4850084e-05,0.348404,0.1395841,0.024056906,0.042402543,0.44553757
Barrymore Theatre,8.967034e-06,0.04314083,0.88092643,1.6505797e-05,0.06907819,0.0068290667
Winter Garden,4.3332784e-05,0.3572172,0.06420645,0.16527313,7.847131e-05,0.41318145
Little Red Lighthouse,2.420685e-05,0.31411332,0.00898945,4.4558026e-05,0.036127646,0.6407009
The Ramble,8.68103e-05,0.0762423,0.000119034725,0.026969416,0.0001572047,0.89642525
Paley Park,3.0235944e-05,0.024850257,0.03584267,0.24340434,0.09165286,0.6042196
Canaan Baptist Church of Christ,0.46516424,0.12294245,0.30328184,0.00031460408,0.080044195,0.028252646
Holcombe Rucker Park,0.00051952683,0.0012327682,0.32323688,0.44971004,0.0009408107,0.22435997
Sotheby's,5.0164843e-05,0.23930949,6.8786285e-05,0.1684384,0.59201765,0.000115463314
Shakespeare Garden,0.10322286,0.086779505,0.031465992,5.6531917e-05,0.018312655,0.7601625
Trinity Church Cemetery & Mausoleum,0.23055926,0.64217496,0.05510225,5.7105386e-05,0.072034985,7.1406044e-05
Morningside Park,0.019108513,0.00013856591,8.00729e-05,0.0001074907,0.00010574929,0.98045963
Park Avenue Armory,0.057900272,0.20017366,0.35553214,2.9682873e-05,0.38632715,3.7116206e-05
Morris-Jumel Mansion,0.025550606,0.6449124,0.07677631,0.009238548,0.24007519,0.0034468935
Central Synagogue,0.5663352,0.3363824,0.02646807,9.497894e-05,0.07060061,0.000118764
Astor Place Theatre,2.9783132e-05,0.063803524,0.9307563,0.005287892,5.3934255e-05,6.855135e-05
34th Street,3.9569146e-05,0.68693954,5.4257413e-05,0.28112835,7.165573e-05,0.03176666
Alleva Dairy,1.7828492e-05,0.043109328,2.444652e-05,0.9246474,0.032159973,4.1035455e-05
American Airlines Theater,0.020076936,0.09086408,0.8447609,0.009176007,0.035098545,2.357797e-05
MetLife Building,4.508792e-05,0.93128353,6.182479e-05,0.032696594,0.009511387,0.02640157
Rockefeller Park,2.216262e-05,0.07138123,0.04235279,0.09519333,4.0134273e-05,0.7910103
Grace Church,0.6389614,0.26923963,0.029798932,0.002451559,3.779994e-05,0.059510674
Gracie Mansion,2.3088374e-05,0.56300724,3.1658896e-05,0.0713538,0.3282076,0.03737661
Chelsea Flea Market,2.1750098e-05,0.04222474,2.9823846e-05,0.82959014,0.12808347,5.0061804e-05
New York University,0.1398268,0.2615768,4.024203e-05,0.10878393,0.18514228,0.30462992
St. Patrick's Day Parade New York City,0.14885749,0.20288476,0.5378563,0.02215939,0.0001219875,0.08812009
The Art of the Brick by Nathan Sawaya,4.8898004e-05,0.17966795,0.062381435,9.0007525e-05,0.7576992,0.00011254775
Trump Rink in Central Park,0.007989016,0.043503776,0.2802937,0.06006452,1.8613166e-05,0.60813034
New York City Supreme Court,4.5723154e-05,0.8690663,0.07066088,8.416351e-05,0.060037665,0.00010523994
Hearst Tower,0.0001068237,0.99911076,0.0001464772,0.00019663246,0.00019344698,0.00024587387
Arthur Ashe Stadium,4.0382973e-05,0.058114428,0.78350323,0.15817587,7.31295e-05,9.294875e-05
Mount Vernon Hotel Museum & Garden,1.5008778e-05,0.507141,0.008999191,0.051371135,0.36574814,0.06672551
Red Cube,0.013327669,0.55897427,0.07660081,8.7148415e-05,0.3509012,0.00010897256
Holographic Studios,3.37721e-05,0.021978075,0.053547427,0.092762224,0.7624842,0.06919429
ABC Carpet & Home,2.0771355e-05,0.18522957,0.0599277,0.5353148,0.21945937,4.7808953e-05
Longacre Theatre,0.011004062,0.046305545,0.9380473,0.0046021757,1.8028048e-05,2.2913924e-05
Artists & Fleas at Chelsea Market,3.3004362e-05,7.831465e-05,4.5255754e-05,0.8364732,0.1632942,7.596552e-05
New York International Auto Show,2.4239576e-05,5.7517187e-05,0.5135674,0.08593261,0.16409269,0.23632562
Grand Masonic Lodge of New York,5.5079578e-05,0.6730345,0.052742407,0.00010138607,0.27393985,0.00012677583
H&M,1.6560882e-05,0.11818997,0.24995422,0.630693,0.0011081012,3.8117894e-05
The Juilliard School,0.16083734,9.801577e-05,0.61825716,7.603457e-05,0.22063632,9.5075346e-05
Central Park's Literary Walk,0.01676236,0.32848552,0.016739437,5.583435e-05,0.1303488,0.507608
Sixth Avenue (Avenue of the Americas),0.037545312,0.46114194,0.02139053,0.2264259,0.031155704,0.22234066
Greenacre Pocket Park,3.3796252e-05,0.08052231,0.021915713,0.12956907,6.120161e-05,0.7678979
St. Bartholomew's Church,0.61116916,0.19809066,0.01892095,0.07875551,0.07308876,0.019974947
Carl Schurz Park,1.3811858e-05,0.09866055,0.009430138,0.010344023,0.0050853775,0.8764661
General Electric Building,0.14752227,0.8110206,6.0722912e-05,8.151506e-05,0.041212942,0.00010192852
Joyce Theater,1.4442992e-05,0.010859243,0.8655655,0.035853736,0.08110604,0.0066009862
Hudson River Greenway,2.0792768e-05,0.07291205,0.05212276,0.03631107,0.03493734,0.803696
Belasco Theatre,0.013928736,0.057022095,0.8775522,1.836719e-05,0.051455654,2.2966758e-05
Fulton Center,3.241055e-05,0.8026221,0.057304554,0.13990767,5.8692247e-05,7.4598756e-05
Bernard B. Jacobs Theatre,0.04761017,0.07270557,0.8796072,2.3832134e-05,2.3446044e-05,2.980025e-05
Convent Avenue Baptist Church,0.8119687,0.00056460267,0.18605018,0.00043798474,0.00043088917,0.0005476656
Eugene O'Neill Theatre,0.008059715,0.0052581984,0.9722716,0.005513063,1.6375541e-05,0.008881
Stage 42,0.003194421,0.0029297085,0.9013052,0.012796683,0.07972903,4.4996574e-05
Greater Refuge Temple,0.27862412,0.22476852,0.49562857,0.00030264488,0.0002977419,0.0003784343
New York City Hall,2.030598e-05,0.84558845,0.031171763,3.7377624e-05,0.07092297,0.052259102
The Public Theater,0.055235628,0.033111185,0.72385556,0.07834179,0.10327196,0.00618382
Palace Theatre,0.0073332787,0.052548364,0.85569584,1.5835152e-05,0.01419302,0.07021364
Daily News Building,5.5036668e-05,0.6365764,0.074927695,0.00010130708,0.28821287,0.00012667669
Vivian Beaumont Theatre,0.023006843,0.070509635,0.8927654,2.8493001e-05,0.0070677535,0.006621895
Duffy Square,2.2534738e-05,0.5745354,0.31406137,0.06484988,4.080814e-05,0.04648996
Inwood Hill Park,2.8763037e-05,0.1319019,0.06361346,5.2944695e-05,0.087303706,0.7170992
Temple Emanu-El,0.48102316,0.32410064,0.014975323,5.6578145e-05,0.1797736,7.074682e-05
Easter Parade,0.18036166,0.19044386,0.24918383,0.11480269,0.07243963,0.19276832
Museum Mile,3.6414494e-05,0.24290997,4.9931743e-05,6.702889e-05,0.54197234,0.2149643
Nederlander Theater,0.028547559,0.05871152,0.9104957,1.9244777e-05,0.0022018661,2.4064166e-05
Manhattan Mall,1.3948843e-05,0.3481146,1.9126725e-05,0.64853203,0.003288202,3.2105752e-05
Koreatown,1.2474156e-05,0.20578061,1.7104627e-05,0.7761361,0.018024977,2.8711502e-05
Chelsea Piers Sports & Entertainment Complex,1.0645773e-05,2.526095e-05,0.1058836,0.3891782,0.022326887,0.48257542
Essex Street Market,1.8676104e-05,0.032482818,2.560877e-05,0.8860031,0.037227873,0.044241983
First Corinthian Baptist Church,0.52425945,7.76257e-05,0.3135995,0.074380554,0.0876076,7.529701e-05
Brooks Atkinson Theatre,0.006265292,0.021364506,0.9613647,1.8501196e-05,0.010963899,2.313436e-05
Jacqueline Kennedy Onassis Reservoir,2.437036e-05,0.06637725,3.341676e-05,4.4859e-05,4.413227e-05,0.933476
Circle In The Square Theatre,0.0057157706,0.06361694,0.88296884,1.7935252e-05,0.02358535,0.024095137
New Museum of Contemporary Art,1.0394668e-05,0.0050712936,0.08432353,0.029077692,0.8469661,0.034550954
"Banksy's ""Hammer Boy""",0.01936907,0.30586714,0.040810686,0.04958442,0.55132174,0.033046983
Houdini Museum of New York at Fantasma Magic,1.1106921e-05,0.065398335,0.2902459,0.11353314,0.530786,2.5564565e-05
David Geffen Hall,0.0719872,0.0001032729,0.88072383,8.011267e-05,0.047005393,0.00010017478
Rose Mansion,4.897181e-05,0.000116203395,0.10703951,0.5429852,0.2680368,0.08177328
Time Warner Center,1.1179713e-05,0.3504926,0.09564779,0.51976067,0.0015852571,0.032502517
August Wilson Theater,0.0043403623,0.009015556,0.98084134,0.005764725,1.6747572e-05,2.1286403e-05
Belvedere Castle,0.0048844893,0.1877485,1.6606433e-05,2.2292645e-05,0.057944115,0.749384
Museum of Chinese in  America,8.60549e-06,0.11586452,1.1799891e-05,0.06342708,0.82066816,1.9807092e-05
Chelsea Hotel,5.5080647e-05,0.34152913,0.1980049,0.18014415,0.28013995,0.0001267784
Museum of Arts and Design,1.0290536e-05,0.10524239,0.032999076,0.11521334,0.74622315,0.00031177452
International Center of Photography Museum,1.0832375e-05,0.03685348,0.0353228,0.055084955,0.87249583,0.00023203513
City Winery,1.0646108e-05,0.024506504,0.44756633,0.52787274,1.9279032e-05,2.4503941e-05
The High Line Park,1.683528e-05,0.2307267,0.024689281,0.09684389,0.022270832,0.62545246
FDNY Memorial Wall,3.162971e-05,0.95516694,0.012633541,0.0028025636,0.02929252,7.2801566e-05
Neil Simon Theatre,9.00259e-06,0.011974423,0.94363165,0.008756888,0.024648141,0.010979883
Mahayana Buddhist Temple,0.19643186,0.43994826,6.386054e-05,0.0062057003,0.23008116,0.12726915
PATH,1.3848132e-05,0.73199964,0.091520436,0.060467336,0.0015464411,0.114452295
New York City Center,0.013882025,0.10247123,0.83574307,0.025587,0.02229116,2.553172e-05
Fearless Girl,2.9697814e-05,0.53035337,0.36746758,0.03182252,0.07025856,6.835486e-05
The Village Halloween Parade,6.4470245e-05,0.055157598,0.6832759,0.07124799,0.00011674912,0.19013731
FDNY Fire Zone,1.6388007e-05,0.32103685,0.044644196,0.23649645,0.39776838,3.7719943e-05
East Village,0.0048698713,0.25149193,2.5021718e-05,0.58337307,0.044300247,0.11593986
Franklin D. Roosevelt Four Freedoms Park,0.0026373714,0.51571554,1.1923138e-05,1.6005743e-05,0.0060689626,0.4755502
Ambassador Theatre,1.0802927e-05,0.028672554,0.9391413,0.023327082,0.008823386,2.4864865e-05
National Museum of Mathematics,8.6564705e-06,2.0540605e-05,0.010629725,0.03105003,0.71528643,0.24300465
Hope Sculpture,3.2299457e-05,0.80405325,0.01469941,0.037993375,0.06508657,0.07813513
Governors Island,1.11862555e-05,0.15666868,0.036386862,0.15493277,2.0257183e-05,0.6519802
Music Box Theatre,0.008423022,0.025193738,0.96523654,1.7011094e-05,0.0011084254,2.1271067e-05
Riverside Church,0.5341859,0.3666824,0.008755272,0.020279665,0.03331315,0.03678366
Williamsburg Bridge,1.2656598e-05,0.20938906,0.0076830215,0.037249263,0.0195087,0.72615737
George Washington Bridge,1.109189e-05,0.20371446,0.12672661,2.0417061e-05,0.00477381,0.6647536
Booth Theatre,0.045944944,0.041357227,0.8836969,0.00037863472,0.028599838,2.2450691e-05
New York City Subway,8.883933e-06,0.6957457,0.25609073,0.0045355866,1.6087908e-05,0.043603003
Ed Sullivan Theater,8.9061305e-06,0.085844666,0.8012535,0.023316434,0.08955597,2.049906e-05
Upper East Side,1.02351505e-05,0.46516556,1.403449e-05,0.1767846,0.14641699,0.21160862
Theodore Roosevelt Birthplace National Historic Site,0.03691102,0.5243634,1.090508e-05,1.4639091e-05,0.40529066,0.033409372
Pip's Island,1.242593e-05,2.9484974e-05,0.523559,0.00465795,0.370554,0.10118709
TriBeCa,1.33823905e-05,0.3212386,0.025246833,0.49394616,0.026506132,0.13304883
Battery Park,1.3479059e-05,0.27993968,0.0027377408,0.08434954,2.440922e-05,0.6329351
The Dakota,0.019765418,0.6840972,0.038321175,0.04121928,0.1713198,0.045277137
Jacob Javits Convention Center,1.0659588e-05,0.17590359,0.5317033,0.15213603,0.074223034,0.066023365
Seaport District NYC,1.0783178e-05,0.16360214,0.049720764,0.38870665,0.04150726,0.35645235
Bow Bridge,4.424386e-05,0.12824406,6.0667408e-05,8.144055e-05,8.012117e-05,0.87148947
General Grant National Memorial,0.023459155,0.8162639,1.1662631e-05,1.5656035e-05,0.10969083,0.050558794
Queensboro Bridge,1.17298e-05,0.2756286,0.008366987,0.022852946,0.05443645,0.63870335
Irish Hunger Memorial,0.10016703,0.55769247,1.4655333e-05,0.01695072,0.131899,0.1932762
Love Sculpture,1.60835e-05,0.6679853,2.2053779e-05,0.074666925,0.12412043,0.13318917
Marquis Theatre,1.04621295e-05,0.024154322,0.9644159,0.011376282,1.8945864e-05,2.4080486e-05
Stephen Sondheim Theatre,1.0421609e-05,0.028715983,0.9712115,1.918326e-05,1.8872484e-05,2.3987202e-05
New York Stock Exchange,0.013026776,0.9093448,0.023306364,0.031567223,0.022723379,3.1444186e-05
African Burial Ground National Monument,9.534266e-06,0.6099519,1.3073434e-05,1.754991e-05,0.389986,2.194483e-05
Walter Kerr Theater,0.007966696,0.025248285,0.9660674,1.6325732e-05,0.00068091473,2.0414083e-05
NYC Ferry,1.03878365e-05,0.28473818,0.19470264,0.09034,1.8811324e-05,0.43019003
Federal Hall,0.016744025,0.7979357,1.5618067e-05,2.0965852e-05,0.18525745,2.6216187e-05
Bethesda Terrace,0.089180596,0.2580181,0.06915804,6.0570925e-05,5.958965e-05,0.5835231
Hamilton Grange National Memorial,0.009820854,0.55312556,0.17046487,1.291542e-05,0.25218543,0.014390379
Balto Statue,3.510675e-05,0.467296,4.8138558e-05,6.4621694e-05,0.075921744,0.4566344
Unisphere,1.5840737e-05,0.22763214,0.16028285,2.9158356e-05,0.1524274,0.4596126
Studio 54,0.04375361,0.08206153,0.8606244,1.8884106e-05,0.013517972,2.361315e-05
Imperial Theatre,0.0037049528,0.019405346,0.9350642,0.020575637,0.021230916,1.8991754e-05
Lower East Side,0.005833722,0.25339422,0.013616258,0.5183123,0.1925297,0.016313836
Children's Museum of Manhattan,1.01859905e-05,2.4169918e-05,0.07682011,0.10660929,0.5688936,0.24764259
Fraunces Tavern Museum,0.0047399225,0.24526653,0.0099137975,0.20948277,0.53057635,2.066369e-05
Penn Station,9.155466e-06,0.73347133,0.14346422,0.10692059,1.6579626e-05,0.016118124
Alice in Wonderland Statue,1.416382e-05,0.3223987,1.9421503e-05,2.6071622e-05,0.16309693,0.51444477
Ripley's Believe It or Not! Times Square,1.343137e-05,0.004046769,0.1495949,0.09784878,0.6426077,0.10588843
Columbus Circle,1.3025136e-05,0.6097204,0.025867647,0.1640989,2.3587208e-05,0.20027648
Herald Square,1.1664416e-05,0.5256479,0.026519084,0.22443962,2.1123082e-05,0.22336061
Gerald Schoenfeld Theatre,0.0068499446,0.04611338,0.91247356,1.8220257e-05,0.029672705,0.0048722234
The Shops & Restaurants at Hudson Yards,9.460631e-06,0.39743394,0.056150295,0.39098454,0.08324449,0.07217729
Hudson Theatre,0.028432924,0.090247326,0.81417984,2.0971042e-05,0.067092724,2.62227e-05
The Shops at Columbus Circle,1.1662179e-05,0.30606166,0.01722484,0.6250887,2.1119033e-05,0.05159197
Park Avenue,0.0003710379,0.5695304,0.009334982,0.07926776,2.3101604e-05,0.34147274
Trump Tower,1.4221288e-05,0.6797177,0.047039106,0.2731705,2.5753321e-05,3.273286e-05
The Met Breuer,0.016588995,0.08554328,0.05387286,0.06340516,0.77396303,0.0066266325
Museum of Sex,1.0796688e-05,2.5619016e-05,0.2929195,0.22773561,0.47928363,2.4850535e-05
St Joseph's Chapel Catholic Memorial at Ground Zero,0.1062909,0.8511694,0.032417137,3.251592e-05,3.1989148e-05,0.010058051
Lunt-Fontanne Theatre,1.0160599e-05,0.03072641,0.9514782,0.017743506,1.8399822e-05,2.3386456e-05
Shubert Theatre,1.0246906e-05,0.011193545,0.8491982,0.0049219085,0.07771928,0.05695674
Al Hirschfeld Theatre,0.053019717,0.022458326,0.923935,1.7559669e-05,1.7275193e-05,0.0005521278
Charging Bull (Wall Street Bull),1.2614136e-05,0.6337711,0.29160833,0.02685239,0.0059402753,0.041815333
St James Theatre,0.028396815,0.01782106,0.940203,1.6888294e-05,0.009691394,0.003870838
Century 21,1.2727444e-05,0.23710853,0.03946812,0.6649996,0.058381725,2.9294488e-05
Bethel Gospel Assembly,0.44837856,0.12274259,0.32061186,0.08703519,0.021157453,7.435908e-05
Central Park Zoo,9.714877e-06,2.3052044e-05,0.05288275,0.117705286,0.12667401,0.7027052
Wall Street,0.011530524,0.79056334,0.12779437,0.038403533,0.002606876,0.029101364
Federal Reserve Bank of New York,8.946613e-06,0.5677231,0.034629274,0.031495463,0.36612266,2.0592222e-05
The Museum at FIT,0.0034789166,0.051790714,0.029453954,0.024641683,0.8866811,0.003953661
New York Harbor,1.3118037e-05,0.28162044,0.01892243,0.03372831,2.3755443e-05,0.6656919
"Cooper Hewitt, Smithsonian Design Museum",1.0011013e-05,0.06571898,0.038784664,0.030844206,0.83995736,0.024684789
Pier 17,1.375991e-05,0.034029644,0.32885677,0.21606913,2.4917812e-05,0.4210058
NFL Experience Times Square,8.968977e-06,0.008690186,0.5353261,0.110764675,0.33768722,0.0075227986
New York City Fire Museum,1.0683824e-05,0.295782,0.0051341965,0.01354817,0.68269473,0.0028301533
National Museum of the American Indian,9.891561e-06,0.1916087,0.022649668,0.0034219655,0.7320441,0.05026563
Little Italy,0.014109674,0.1417295,1.6500697e-05,0.8440948,2.1791855e-05,2.7697775e-05
Westfield World Trade Center,1.3047351e-05,0.67570543,1.7890594e-05,0.2614236,0.04775861,0.015081409
Chinatown,1.2443931e-05,0.2935242,1.7063183e-05,0.6843873,3.8621853e-05,0.02202036
Merchant's House Museum,0.01958114,0.5518315,0.053695362,1.6633261e-05,0.37485456,2.079865e-05
Hayden Planetarium,9.663093e-06,0.025249751,0.33491242,1.7787044e-05,0.60128933,0.03852105
The Jewish Museum,1.1295513e-05,2.680269e-05,0.14442122,0.038693927,0.8168208,2.5998634e-05
Richard Rodgers Theatre,8.563123e-06,0.044280224,0.93860275,1.5762309e-05,0.017072955,1.9709581e-05
New World Stages,0.005676694,0.017642468,0.9375507,0.0317381,0.0073701865,2.18606e-05
St. Thomas Church,0.7588626,0.21543235,0.02120891,0.004445221,2.315532e-05,2.7796632e-05
Riverside Park,1.0328436e-05,0.07957231,0.04816212,1.9011757e-05,0.021627804,0.8506084
Stone Street Historic District,1.1245679e-05,0.3043125,0.0052493354,0.5936791,2.0364792e-05,0.09672751
Solomon R. Guggenheim Museum,1.1601942e-05,0.2266176,0.051649176,2.1355925e-05,0.7216736,2.6703978e-05
Broadway Theatre,0.005586966,0.060206685,0.8870799,1.8159832e-05,0.04391934,0.003188982
Winter Garden Theatre,1.2083881e-05,2.8673398e-05,0.9395068,0.016727041,2.1882694e-05,0.043703485
Governors Island National Monument,8.123225e-06,0.18849172,1.1138608e-05,0.123559274,0.028579427,0.65935034
Color Factory,9.842643e-06,0.001343221,0.21653506,0.31248426,0.436447,0.033180587
Chelsea,1.296718e-05,0.13465346,0.014762587,0.69297683,0.058577176,0.09901696
Madison Square Park,1.1772388e-05,0.2729201,0.017239679,0.13856815,2.1318609e-05,0.57123893
Times Square Church,0.574991,0.1640525,0.23888586,2.9143246e-05,0.022005111,3.6441408e-05
Rubin Museum of Art,0.05249012,0.015894065,0.014065115,0.064190835,0.8533377,2.2157963e-05
Jazz at Lincoln Center,0.041364733,0.076230206,0.7853055,0.05243445,0.017742723,0.026922407
KGB Espionage Museum,1.0834439e-05,0.06252927,0.093475126,1.9943167e-05,0.8439399,2.4937444e-05
42nd Street,1.1057026e-05,0.39826348,0.1425618,0.29679808,0.026492717,0.13587286
Manhattan Bridge,1.26250125e-05,0.31137624,1.7311482e-05,2.3239112e-05,2.2862627e-05,0.68854773
Fort Tryon Park,0.08761868,0.105620906,1.2945961e-05,1.7378792e-05,0.14665712,0.6600729
Cathedral Church of Saint John the Divine,0.44297165,0.27738872,0.065247744,0.0031684504,0.13920666,0.07201674
Bethesda Fountain,0.052194986,0.16504718,0.030018043,2.4971127e-05,2.4566585e-05,0.75269026
Conservatory Garden,1.1555197e-05,0.0884607,1.5844544e-05,2.1269878e-05,0.07429095,0.8371996
Meatpacking District,1.2436269e-05,0.16893904,1.7052675e-05,0.6232522,0.06116568,0.14661361
Upper West Side,1.0437867e-05,0.31091654,0.044693436,0.35608363,0.04568052,0.24261543
Columbia University,0.22083339,0.26008362,0.0450878,0.03470628,0.21156444,0.22772452
World Trade Center's Liberty Park,0.02263953,0.74841654,0.010999478,0.0022223582,0.044567335,0.17115475
Beacon Theatre,0.024299856,0.052315418,0.8966246,0.026719123,1.8049883e-05,2.2941676e-05
Sea Glass Carousel,0.0076659867,0.036254283,0.19704613,0.035535995,0.06226517,0.6612324
"Strawberry Fields, John Lennon Memorial",0.08593759,0.40630266,0.1940796,0.045156866,0.0695636,0.19895965
Trinity Church,0.3269568,0.57824206,0.08339741,1.9953897e-05,0.011358792,2.4950838e-05
Union Square,1.0775714e-05,0.20874663,0.0073531913,0.5443982,1.9513733e-05,0.23947164
Macy's Thanksgiving Day Parade,8.351835e-06,0.14839342,0.49544036,0.06372016,0.015916461,0.27652124
Hudson River Park,1.0711611e-05,0.051329378,0.04166832,0.048331108,0.04752511,0.81113535
World Trade Center Station (PATH),0.008550544,0.874968,2.0908636e-05,0.05691568,0.043080207,0.016464707
GhostBusters Firestation,1.437027e-05,0.78801155,0.076506294,0.057874072,0.0574321,0.02016163
Lower Manhattan,0.0125278365,0.46843618,0.021796638,0.18739974,0.02092528,0.28891426
Grand Central Market,1.1845049e-05,0.14147675,0.013059897,0.84108317,0.004341066,2.7263533e-05
Museum of Ice Cream,1.7977885e-05,4.265894e-05,2.4651368e-05,0.7165168,0.19241597,0.090981975
New Amsterdam Theater,0.006575353,0.028784363,0.91789645,0.027483292,0.019240012,2.053082e-05
Saks Fifth Avenue,0.040602423,0.37520078,0.3280678,0.2144223,0.041679233,2.7492175e-05
Brookfield Place,1.0278482e-05,0.20027964,0.016287725,0.53237545,0.0012092151,0.24983771
Lyric Theatre,0.012303524,0.018805977,0.9220744,0.0116213625,0.025953965,0.009240844
Museum of the City of New York,9.373646e-06,0.07815144,0.030509945,0.017520426,0.83694804,0.03686078
Minskoff Theatre,1.2350735e-05,0.006769067,0.87817365,0.0063951164,2.2365937e-05,0.10862742
Union Square Green Market,9.796912e-06,0.03553727,1.3433576e-05,0.9059932,1.774122e-05,0.058428563
St. Patrick's Old Cathedral,0.4270474,0.35783783,0.029422706,2.2478442e-05,0.1856415,2.810754e-05
Gershwin Theater,1.0111386e-05,0.016418315,0.96962684,0.013903148,1.83107e-05,2.3273178e-05
St. Paul's Chapel,0.43152943,0.49207884,0.021932751,2.024883e-05,0.045733795,0.008704964
Harlem,0.03600187,0.3427514,0.21699871,0.2974003,0.075976476,0.030871253
Museum at Eldridge Street,0.19268422,0.3230263,1.5808437e-05,0.0031710402,0.48107606,2.653571e-05
Times Square,1.2540828e-05,0.30498588,0.24530484,0.28072146,2.2710177e-05,0.16895255
SeaGlass Carousel at The Battery,1.1757039e-05,0.20654015,0.018472161,0.09261247,2.1290814e-05,0.6823421
Kings County Distillery,1.1888519e-05,0.18112786,0.02272436,0.67952067,0.116587855,2.736352e-05
Spyscape,9.8561695e-06,2.3387296e-05,0.14973171,0.06523395,0.77454793,0.010453165
Majestic Theatre,0.008052145,0.024782794,0.9639801,1.7222073e-05,1.6943068e-05,0.0031508482
Museum of Jewish Heritage,9.63126e-06,0.25694188,0.019396923,1.772845e-05,0.72361165,2.2168111e-05
One World Trade Center,1.0084365e-05,0.50596935,0.2752373,0.0737242,0.060740262,0.084318854
Macy's Herald Square,1.1372415e-05,0.57158804,0.09570687,0.3040469,0.028620608,2.6175667e-05
Lincoln Center for the Performing Arts,0.0367302,0.21720804,0.6203664,1.9158877e-05,0.10484493,0.020831313
Woolworth Building,1.06443e-05,0.7618348,1.4595519e-05,1.9593173e-05,0.2380959,2.4499748e-05
Neue Galerie,0.00798471,0.12313122,0.04537205,0.037976027,0.78551507,2.0896176e-05
Whitney Museum of American Art,1.0817426e-05,0.10728704,0.040213484,0.03072256,0.7848752,0.036890917
Apollo Theater,0.009868904,0.07023159,0.8174374,0.031060014,0.071379274,2.2809752e-05
Ellis Island Immigration Museum,1.0499595e-05,0.34061378,0.0034217762,0.014355069,0.5198614,0.12173747
Ground Zero Museum Workshop,8.988255e-06,0.32099503,0.06298713,1.654486e-05,0.6159716,2.0688103e-05
The Vessel,1.0381487e-05,0.45879743,0.15393078,0.0019130028,0.11129955,0.2740488
Roosevelt Island,9.367655e-06,0.32566,1.28449765e-05,1.8387103e-05,0.020087358,0.65421206
United Nations Headquarters,8.574787e-06,0.6060246,0.042027783,0.0062095784,0.34570974,1.973642e-05
Rockefeller Center Christmas Tree,0.06744041,0.2213796,0.18264973,0.009990813,2.0640631e-05,0.51851875
Chrysler Building,0.013255414,0.91069055,1.9137773e-05,2.5690742e-05,0.07597706,3.2124317e-05
Washington Square Park,0.024643175,0.20915975,0.06423697,0.085418575,0.008030658,0.6085109
New-York Historical Society Museum & Library,9.643466e-06,0.04757726,0.08626341,1.775092e-05,0.85711056,0.009021333
West Village,1.2554197e-05,0.3141667,0.013906436,0.55748606,0.01705419,0.09737412
Fifth Avenue,0.035260066,0.53977275,1.8932044e-05,0.36470222,0.01046141,0.04978456
Tenement Museum,8.1567505e-06,0.34158525,0.026877582,0.016756278,0.61475396,1.8774213e-05
SoHo,1.3468561e-05,0.27427295,0.011325759,0.70661265,0.0077441745,3.1000334e-05
The Morgan Library & Museum,0.089434385,0.06426281,0.017279677,0.073583305,0.755414,2.5849493e-05
Flatiron Building,1.42435065e-05,0.88693714,0.019414743,0.03312792,2.5793555e-05,0.06048013
World Trade Center Memorial Foundation,1.389927e-05,0.82817656,0.014694439,2.5584659e-05,0.119459085,0.03763041
Frick Collection,1.0950309e-05,0.09730959,0.017638149,0.011868139,0.87314796,2.5204132e-05
Christmas Spectacular Starring the Radio City Rockettes,0.010988822,0.008645558,0.8981828,0.016190954,0.06596799,2.3845589e-05
Staten Island Ferry,1.2624724e-05,0.34085137,0.010655491,0.12887388,2.2862105e-05,0.5195837
Broadway,0.0030097484,0.06261943,0.80336356,0.03930348,0.084187984,0.0075158444
The Museum of Modern Art (MoMA),1.0436462e-05,0.03332893,0.06357599,0.022948327,0.8679014,0.012234944
Radio City Music Hall,0.022630405,0.123987645,0.7817309,0.0057403944,0.0658854,2.5246085e-05
Rockefeller Center,0.08868001,0.33655694,0.13266812,0.111933954,2.2123706e-05,0.3301389
The Met Cloisters,0.1532725,0.16467555,0.0015730642,0.0032836457,0.51527435,0.16192092
Grand Central Terminal,0.027500765,0.7088203,0.014073904,0.21509945,0.02720248,0.007303126
The High Line,1.1430113e-05,0.2181998,0.0047968444,0.08999386,0.05281551,0.6341826
Statue of Liberty,1.1147493e-05,0.55194765,0.12787943,0.021543488,0.07419316,0.2244251
Manhattan Skyline,1.5006186e-05,0.3887029,0.04638064,0.007194368,2.7174692e-05,0.55767995
Brooklyn Bridge,1.2576798e-05,0.19323029,1.724537e-05,0.05341946,2.2775313e-05,0.7532976
One World Observatory,1.2473586e-05,0.41285312,0.34262672,0.025839021,0.08015269,0.13851596
Top of the Rock,0.0058866017,0.38937163,0.24780576,2.4756971e-05,2.4355897e-05,0.3568869
Empire State Building,1.22734455e-05,0.4965813,0.23112032,0.005056916,0.15558301,0.11164623
The Metropolitan Museum of Art,1.1633658e-05,0.062383447,0.008372526,0.08145164,0.82776594,0.020014785
Central Park,1.2916095e-05,0.11462501,0.023202782,0.0021432166,2.338975e-05,0.8599927
